date,comment
2026-05-11 18:55:39,Jaajef! Content que ça aide
2026-05-10 21:59:14,Ah oui c’est hilarant car tu te rends compte que ce sont des vérités simples mais qui nous échappent souvent😁
2026-05-10 15:09:36,🙌🏾❤️
2026-05-02 09:53:43,Detwaay! Ligeeyal nak😁
2026-05-02 09:51:59,Respect Seydina🤝
2026-05-01 23:26:06,🤝❤️
2026-05-01 23:26:00,La base 🤝
2026-05-01 17:42:38,🤝❤️
2026-05-01 17:42:28,"Ligeey c’est une expression des qualités divines en nous. En tant que professeur par exemple Sama Ligeey c’est la transmission de connaissances. Xëy bi nak mën na nek poste au lycée. Si j’étais médecin ligeey bi c’est soulager la douleur. Xëy bi meun nak poste à l’hôpital Fann en tant que chirurgien. Amna ñoo xamni sen ligeey yiir sen ndiaboot la, amna ño xamni sen ligeey bègal nit ñi la à travers l’humour…"
2026-05-01 15:18:25,Très cher🙌🏾
2026-05-01 15:18:10,❤️📌
2026-05-01 15:18:05,🙌🏾😂
2026-05-01 14:55:18,Jaajef
2026-05-01 14:55:16,Jaajef mon frère 🤝❤️
2026-05-01 14:55:03,Jaajef❤️
2026-05-01 12:52:11,Yeah bul wax dara
2026-05-01 12:51:58,🤝❤️
2026-05-01 12:51:53,🤝❤️
2026-05-01 12:24:38,🙌🏾❤️
2026-05-01 12:24:16,🤝
2026-05-01 12:24:10,🙌🏾❤️
2026-05-01 12:24:01,❤️📌
2026-04-26 12:11:06,🙌🏾❤️
2026-04-22 21:58:53,🙌🏾
2026-04-17 17:43:43,Amiin tres cher🤝❤️
2026-04-13 22:53:39,Pas de profession mais de nature
2026-04-13 18:33:19,Lu werr🤝
2026-04-12 23:23:30,Ah tarkalla kon😁🤝 Jaajef
2026-04-12 21:30:07,🤝❤️
2026-04-12 16:06:21,Amiin🙏🏾❤️Jaajef
2026-04-11 21:48:20,🤝❤️
2026-04-11 19:58:54,😂
2026-04-11 11:35:16,🙌🏾❤️
2026-04-10 22:33:36,Jaajef 🙌🏾
2026-04-10 21:27:21,🙏🏾❤️
2026-04-10 21:27:14,Merci❤️
2026-04-10 21:27:07,Merci 🤝❤️
2026-04-10 21:26:59,🙏🏾❤️
2026-04-10 21:26:52,Waw xalaat bu du ci ñakk. C’est bien tant que ça aide à te rapprocher de la vérité 🙏🏾
2026-04-10 21:25:26,In Sha Allah ça ne tardera pas
2026-04-10 17:45:32,Lou werr nga wax
2026-04-10 17:44:45,Flatté 🙏🏾❤️
2026-04-10 13:29:14,🤭
2026-04-10 13:29:05,🤝❤️
2026-04-10 13:28:54,🙏❤️
2026-04-10 12:32:11,My pleasure ❤️
2026-04-10 11:08:12,🙏🏾❤️
2026-04-10 10:02:38,"Amiin, Jàmm ci yaw frère 🙏🏾❤️"
2026-04-10 10:00:54,🤝❤️
2026-04-10 10:00:49,❤️📌
2026-04-09 15:06:29,"Haha enfin c’est clair dans ma tête , je l’avais prise en photo même. Il est Bon🤌🏾"
2026-04-08 10:32:28,"Jaajef frère, begee naala, Amal diam"
2026-04-08 10:28:30,🙏🏾❤️
2026-04-04 22:12:11,🤝❤️
2026-04-01 23:36:39,🤝❤️
2026-04-01 10:11:40,🤝❤️
2026-03-31 20:16:44,Bilay 😁
2026-03-31 20:16:06,🤝❤️
2026-03-31 19:01:46,Jaajef 🙏🏾
2026-03-31 19:01:34,Lu werr 🤝❤️
2026-03-31 14:37:53,🙏🏾❤️
2026-03-31 12:28:01,🙌🏾❤️
2026-03-31 11:45:31,🤭😁
2026-03-31 01:20:44,Amiin❤️
2026-03-31 01:15:44,Xalaat yi sou bariwe xol bi du dal! Ci tewlu la xam di amè
2026-03-31 01:14:55,Waw fikrou ci touti rek 😁
2026-03-31 01:14:28,Kilifeu gi🙌🏾❤️
2026-03-31 01:14:17,🤝❤️
2026-03-30 23:59:03,🙌🏾❤️
2026-03-30 22:55:29,Dëgg bu werr! Jaajef très cher🤝❤️
2026-03-30 22:01:52,"Exact! liñuy def, c’est une conséquence de ce que nous sommes."
2026-03-30 21:58:40,🤝❤️
2026-03-30 21:58:14,🙌🏾❤️
2026-03-30 21:55:21,"Ndeysaan, Borom deg deg nga 🤝"
2026-03-30 21:54:02,"Absolument, désapprentissage est nécessaire. On a hérité de bcp de croyances erronées"
2026-03-30 21:52:45,Non pas encore! Je vais y songer In Sha Allah. Merci pour la force 🤝
2026-03-30 16:53:07,"Keemtaan! Ñoo bokk gèj gi wax dëgg, na goor japp ci goor🤝"
2026-03-30 09:35:29,🤝❤️
2026-03-30 00:41:55,Amaguma groupe public mais je compte le créer In Sha Allah
2026-03-30 00:41:01,🙌🏾❤️
2026-03-29 16:24:17,Content que ça aide
2026-03-28 11:45:12,🤝❤️
2026-03-27 02:09:09,Pourtant lu sérieux laay tek nii😁
2026-03-26 21:08:20,Waw lolu d tolluwaay la ndeysaan! Ma Sha Allah
2026-03-26 19:33:35,🙏🏾❤️
2026-03-26 16:26:24,🙌🏾❤️
2026-03-26 14:51:51,Amiin🙏🏾❤️
2026-03-26 11:39:42,Amiin🙏🏾❤️
2026-03-26 11:16:37,🙏❤️
2026-03-26 06:49:50,Waw yitey jamono d mo ñuy fàte loo sunu bopp
2026-03-26 00:53:12,"Eskëy, lolu war ngamako modélisél d. Merci du retour"
2026-03-25 22:35:21,🙏🏾❤️
2026-03-25 20:43:38,Xalaat yi ñoma bugul bayi quoi 😁
2026-03-25 13:13:51,"Dëggit, lu werr Ndeysaan"
2026-03-25 01:06:32,😁🙏🏾
2026-03-25 01:06:18,🙌🏾❤️
2026-03-24 23:19:40,🤝❤️
2026-03-24 23:19:31,"Eskeuy, lu werr🤝"
2026-03-24 22:27:54,🤝❤️
2026-03-24 20:49:40,"Écris moi, ma gën a comprendre ce qui se passe"
2026-03-24 20:22:25,Amiin🙏🏾
2026-03-24 20:22:17,🤝❤️
2026-03-24 19:51:12,C’est très dommage! Ça montre l’obsolescence de notre système éducatif…
2026-03-24 19:49:20,🙏🏾❤️
2026-03-24 19:49:04,"Yombul d, surtout jamono jii. Waaye Xam sa bopp jarnako"
2026-03-24 19:21:38,🙌🏾❤️
2026-03-24 19:13:07,🤝❤️
2026-03-24 17:38:41,Sòy xalaat Borom bi sa xel ci lumuy nek?
2026-03-24 17:37:52,Yaw li ngay xalaat louma ci?😭
2026-03-24 17:29:57,Merci ❤️
2026-03-24 17:29:38,🙌🏾📌
2026-03-24 09:10:32,🤝❤️
2026-03-24 09:10:27,🙌🏾❤️
2026-03-24 00:24:18,😁🙌🏾
2026-03-24 00:24:08,🧠❤️
2026-03-24 00:23:59,Motax ma indi Amul xalaat bi😂😂
2026-03-23 22:46:00,🤝❤️
2026-03-23 22:20:35,Heureusement ba wadoul 😭😁
2026-03-23 20:13:57,Amul xalaat
2026-03-23 20:13:37,Yaag na🙌🏾
2026-03-23 20:00:03,"Très belle perspective Professeur🫡! Ku jaamu sa bakkan lor bakkan. Les femmes doivent comprendre ces notions, mu baña nek juste muru ou pas de façon mécanique ou trend. Xam xam rekkay dëgg🤝"
2026-03-23 19:18:30,🤝❤️
2026-03-23 17:55:11,Absolument
2026-03-23 17:54:25,🙌🏾❤️
2026-03-23 15:50:08,❤️📌
2026-03-23 15:50:03,🙌🏾❤️
2026-03-23 15:34:27,😁🙌🏾
2026-03-23 15:34:17,Bien vu! C’est ça le plus dangereux très cher
2026-03-23 14:55:13,Tout à fait. L’ego domine ce monde
2026-03-23 14:54:42,Amiin🤝❤️
2026-03-23 13:20:28,Merci🤝
2026-03-22 13:48:19,"Merci bcp, très bien vu🤝. Disons que cet illusion renforce l’ignorance. La peur est due à l’ignorance. Niak xam mo waral fitna gi"
2026-03-21 22:39:16,🙏🏾❤️
2026-03-21 18:30:00,Jaajef🤝❤️
2026-03-21 16:29:30,Jaajef🤝
2026-03-21 16:16:07,Mercii🫶🏿
2026-03-21 16:15:54,"Merci, content que ça plaise 🫶🏿"
2026-03-21 14:00:50,Ndeysaan bobu kemtaan
2026-03-21 12:18:41,J’y songe
2026-03-21 12:18:31,Merci 🙏🏾❤️
2026-03-21 12:18:12,Amiin 🙏🏾❤️
2026-03-21 12:18:03,Alhamdoulilah
2026-03-21 12:17:54,Amiin🙏🏾❤️
2026-03-21 06:04:05,Jaajef 🤝❤️
2026-03-21 06:03:54,🤝❤️
2026-03-21 00:36:44,Amiin
2026-03-21 00:36:37,Jaajef 🙏🏾❤️
2026-03-21 00:36:24,Jaajef mon frère
2026-03-21 00:36:10,💯🔥
2026-03-20 20:51:33,Jaajef très cher. Lolu day ñëw In Sha Allah. Yimay wax nak ce n’est pas pour tout le monde xamnaani
2026-03-20 20:50:11,"La motivation dépend du niveau de conscience. Pour les niveaux de conscience faible, c’est le monde de la survie, c’est l’animal en nous qui domine"
2026-03-19 21:44:43,Amiin❤️
2026-03-18 03:01:50,🙏🏾❤️
2026-03-18 03:01:45,🙌🏾❤️
2026-03-17 21:01:55,🤝❤️
2026-03-17 21:01:46,🙌🏾❤️
2026-03-11 21:26:46,"Lii yemena d Saay. Zone sud bi daa xawa tang temps yi, wañil ñuko tuuti rek"
2026-03-11 06:21:19,Jaajef 🤝
2026-03-11 01:37:02,Merci🙏🏾❤️
2026-03-10 23:11:05,😁🤝
2026-03-10 22:01:53,🙏❤️
2026-03-10 22:01:48,🤝❤️
2026-03-10 21:10:27,🙌🏾
2026-03-10 17:16:15,"Salaam, Jaajef ku baax 🤝"
2026-03-10 12:45:24,"Comme on m’a invité, j’avais juste partagé l’affiche en story. Tkt next time di nga diot sa boss😁"
2026-03-10 12:43:29,Salut! Y’a une version plus complète publiée en premier. Ceci est juste un extrait
2026-03-10 06:17:00,Merci très cher🤝❤️
2026-03-09 23:52:33,Jaajef mon frère
2026-03-09 23:52:18,Merci Soxna Fatima🫶🏿
2026-03-09 23:51:57,🙏🏾❤️
2026-03-09 22:53:15,Teewlu🤝
2026-03-09 22:52:51,🤝❤️
2026-03-09 11:21:47,"Oui c’est pas une expression à prendre sur sens littéral. Comme je dis, “baña nek sa jaamu bakann”, une manière de dire, tuer l’emprise qu’il a sur nous"
2026-03-07 14:23:37,Non du tout
2026-03-05 00:17:34,Tout à fait
2026-03-04 23:10:35,🤝
2026-03-04 22:59:33,🤝❤️
2026-03-04 22:59:24,🤍
2026-03-04 22:59:08,Jaajef 🤝❤️
2026-03-04 22:58:50,Indeed🤝
2026-03-04 19:17:04,"Amiin, Jaajef tres cher🤝"
2026-03-04 16:14:04,Écris moi
2026-03-04 13:52:32,Yeah sip naa
2026-03-04 12:25:30,🤝❤️
2026-03-04 07:17:40,"Mo tax mani solution amna, waaye garap bi c’est à prendre tous les jours 🤝. Ñak sago lu yomb la"
2026-03-04 07:15:37,🤝❤️
2026-03-04 07:15:31,Amul xalaat📌
2026-03-04 07:15:19,🙏❤️
2026-03-04 07:15:13,Jaajef
2026-03-04 07:14:58,🙏❤️
2026-03-04 07:14:52,Amul bayi 😁. Dans le sens de l’espoir🙌🏾 Ci ki bëgg gènn ci fitna
2026-03-04 01:36:18,Tu connais très cher🤝 Amul xalaat
2026-03-03 23:29:06,🤝❤️
2026-03-03 02:21:44,Jaajef très cher🤝
2026-03-02 19:34:01,🤝❤️
2026-03-02 01:28:35,"Detwaay, j’espère qu’à partir de cela, tu as pu te poser les bonnes questions"
2026-03-01 01:29:35,"Waw goor way, jërëjëf ci seede yi🤝❤️. Tkt dina ñëw😁"
2026-02-28 23:39:47,Amiin❤️🙏🏾
2026-02-28 01:37:28,"C’est contexte ultime. Les pensées sont juste du bruit, de l’amusement qui entretien l’illusion imposé par l’égo. Quand le cerveau se tait, on est connecté au champ de la conscience."
2026-02-28 01:34:07,Merci 🤍
2026-02-27 05:40:13,Amiin🤝❤️
2026-02-26 23:28:04,🙏❤️
2026-02-26 23:04:05,🙏🏾❤️
2026-02-26 21:52:30,"Bek ci yaw Jaarah, yalna Yalla fay la yiw🫶🏿, gën ñu xiir ci Boppam"
2026-02-26 14:28:45,Lolu idée la d😁
2026-02-26 09:39:11,🙏🏾❤️
2026-02-25 21:57:29,Merci Jaarah ❤️
2026-02-25 21:38:14,🙏🏾❤️
2026-02-25 21:32:15,Jaajef🤝❤️. Gars yi nenañ yu gudd yi da compliqué 😁
2026-02-25 20:16:43,"Amnaaci mbecte, amal jàmm❤️"
2026-02-25 20:15:26,Jaajef trés cher🤝
2026-02-24 20:09:23,"Disons que l’égo est la persistance de l'instinct animal, mais désormais élaboré par l'intellect et rendu authentique par l'accord mutuel de la société. De façon plus simple, c’est notre ancien réflexe de survie, mais déguisé en “personnalité intelligente”"
2026-02-24 12:07:39,Bien dit🙏🏾❤️
2026-02-24 12:02:29,C’est le paradoxe de la vie😁. Merci du retour
2026-02-23 19:41:42,In Sha Allah tkt pas
2026-02-23 01:06:25,"Le plaisir dans le ressenti est une Sensation de « montée » puis de chute avec battements parfois plus rapides et surtout avec une agitation subtile derrière l’agréable. Dans la signature du plaisir, Même quand c’est agréable, le cœur anticipe déjà la fin."
2026-02-23 01:03:38,"Ce sont des énergies très différentes. Le plaisir est stimulé de l’extérieur et traverse le cœur sans s’y installer durablement. Le bonheur, par contre est non causé.
Il émane du cœur, il ne lui arrive pas."
2026-02-22 00:22:52,Bul wax dara😁🤝
2026-02-22 00:22:30,🤝❤️
2026-02-22 00:22:18,Merci 🤍
2026-02-21 20:48:29,Ah oui tu penses
2026-02-21 13:38:33,🙏🏾❤️
2026-02-21 13:37:05,Amiin 🙏🏾
2026-02-21 13:36:52,Amiin mon frère 🙏🏾❤️
2026-02-21 01:57:45,"Amiin, ñu bok tawfeex yi"
2026-02-21 01:22:23,"Merci ❤️, Waaw lolu d bcp me le suggère. Dinaaci taxaw"
2026-02-21 00:48:23,🙏🏾❤️
2026-02-21 00:08:18,🙏❤️
2026-02-20 22:57:27,🫡❤️
2026-02-20 22:57:23,Merci 🙏🏾❤️
2026-02-20 06:19:20,🙏🏾❤️
2026-02-19 17:34:03,🙏🏾❤️
2026-02-19 12:42:48,Merci🙏🏾❤️
2026-02-19 11:41:45,🙏🏾❤️
2026-02-19 07:27:58,Lu werr très cher 🙏
2026-02-19 02:03:57,🤝❤️
2026-02-18 13:41:26,🤝❤️
2026-02-18 13:41:22,Merci du retour ❤️
2026-02-17 12:59:00,🙏🏾❤️
2026-02-17 12:58:51,Merci Fatimaa🙏🏾❤️
2026-02-17 00:36:14,🙏🏾❤️
2026-02-17 00:36:07,🤝❤️
2026-02-17 00:36:01,🫡❤️
2026-02-16 22:40:12,🤝❤️
2026-02-14 23:26:51,🙌🏾❤️
2026-02-14 23:26:31,Mom kay kemtaan la❤️
2026-02-14 23:25:51,🤝❤️
2026-02-14 23:25:25,❤️
2026-02-13 08:26:02,Pas encore
2026-02-13 08:25:55,Foy commencer kon?
2026-02-12 19:30:36,🤝❤️
2026-02-12 19:30:30,🤝❤️
2026-02-12 18:04:33,Sans soucis très cher🤝
2026-02-12 18:00:41,🤝❤️
2026-02-12 16:38:33,🙌🏾❤️
2026-02-12 16:38:28,🤝❤️
2026-02-12 16:38:23,🤝❤️
2026-02-12 16:05:46,❤️🤝
2026-02-10 23:34:25,🤝❤️
2026-01-30 10:49:10,Lou werr🤝
2026-01-26 07:41:26,Yémèna😭
2026-01-24 15:44:38,Bien dit champion 🤝❤️
2026-01-24 15:43:31,🤝❤️
2026-01-23 22:44:04,Dègël lolu😭🤝
2026-01-23 21:47:02,"Bien dit🤝❤️. Le sens est ce que tu obtient après compréhension. Motax le prophète n’a pas demandé plus d’argents ou de richesse matérielle mais simplement : « Seigneur, accorde-moi plus de savoir »"
2026-01-23 16:02:00,Tout à fait🤝 désapprendre est une nécessité
2026-01-23 10:38:25,Ça fait perdre la tête à certains
2026-01-22 22:07:56,Dafa leer🙌🏾
2026-01-21 21:43:29,"Non doffo d, Yaa ngi ci yonn. Li nga wara xam moy liy dëgg. Et c’est ta raison d’être. Tu t’es rendu compte que la vraie richesse n’est pas matériel, même si ça peut nous procurer du plaisir mais c’est passager. Li ngay wër nak ce n’est pas passager… Continue de renouveler ton intention, te mettre dans les conditions de pureté, niaan Yalla guindi la"
2026-01-21 20:37:05,Entièrement 🤝
2026-01-21 20:36:53,🤝❤️
2026-01-21 19:14:49,🤝❤️
2026-01-21 19:08:06,"Absolument, c’était la réaction adéquate au moment"
2026-01-21 15:33:11,Naalako dm🤣
2026-01-21 15:32:50,🤝❤️
2026-01-21 14:35:15,🤝❤️
2026-01-21 13:01:30,Absolument
2026-01-20 13:58:49,C’est très dommage mon cher. Mais ça ne tardera pas à changer In Sha Allah
2026-01-18 16:03:27,Absolument 👌
2026-01-18 16:02:57,🤝❤️
2026-01-18 16:02:43,Merci très cher
2026-01-18 16:02:33,🤝❤️
2026-01-17 21:43:34,"Lou werr, deug moy moudj 🤝"
2026-01-17 21:41:41,🤝❤️
2026-01-17 20:53:16,Merci mon cher 🤝❤️diam ci yaw
2026-01-17 18:58:49,🤝❤️
2026-01-17 13:20:12,🤝❤️
2026-01-17 12:00:30,Waw da melni gars yi ambiance lañuy wër d😁
2026-01-17 11:58:38,"Massa! Souvent ce n’est pas évident. Li nak signe la, pour nga reconnecter wou ak Borom bi"
2026-01-17 06:35:43,"Tout à fait, c’est un système complexe"
2026-01-17 02:39:39,🤝❤️
2026-01-17 02:39:30,Merci chef🤝❤️
2026-01-17 02:39:10,Non pas encore
2026-01-17 01:23:16,🤝❤️
2026-01-17 01:23:10,🤝❤️
2026-01-17 00:17:18,"Ndeysaan, merci du retour. J’en suis très ravi ❤️"
2026-01-17 00:16:31,In Sha Allah Dinaako programmer🤝
2026-01-17 00:16:10,🤝❤️
2026-01-16 22:50:41,Bien vu🤝
2026-01-16 22:10:35,Tout à fait très cher. C’est une conséquence de L’évolution de la conscience
2026-01-14 02:20:27,"Non du tout, c’est juste une bibliothèque de salon"
2026-01-13 10:23:46,🤝❤️
2026-01-12 20:41:45,"Maa ngi ci d, bul wax dara"
2026-01-12 20:40:21,🤝❤️
2026-01-12 07:21:35,🤝❤️
2026-01-12 07:21:03,Lou werr🤝
2026-01-12 00:25:38,Natou bi c’est un moyen que Dieu utilise pour tester les limites de la volonté humaine (de l’égo) . Pour vivre nous serons obligés d’implorer la Volonté de Dieu. Et c’est ça le salut
2026-01-11 23:45:34,Merci mon ami🤝
2026-01-11 23:14:56,"Merci du retour très cher, ça fait plaisir ❤"
2026-01-11 23:14:02,❤️
2026-01-11 23:13:43,Lolu tawfeex la🤝❤️
2026-01-11 23:13:32,Jaajef sang bi🤝❤️
2026-01-11 22:32:56,🙌🏾❤️
2026-01-11 22:32:51,🤝❤️
2026-01-11 22:32:47,Alhamdoulilah ❤️
2026-01-08 10:49:44,Jaajef🤝❤️
2026-01-07 17:10:55,🤝❤️
2026-01-05 13:09:40,🤝❤️
2026-01-04 17:55:22,🤝❤️
2026-01-03 15:31:40,Écris moi on en parle
2026-01-03 12:27:30,"Lolu moy wakh dji d, eskeuy, toluwaay la"
2026-01-02 19:18:54,🤝❤️
2026-01-02 18:05:15,Ah Lolou tawfeex leu
2026-01-01 20:34:35,Écrivez moi svp
2026-01-01 20:34:01,"Salam, non, c’est juste une bibliothèque de salon"
2026-01-01 19:27:50,Merci🤝
2026-01-01 19:27:40,🤝❤️
2026-01-01 18:04:36,Yan sujets nio la intéresser?
2026-01-01 15:30:37,🙌🏾❤️
2026-01-01 15:06:47,🤝❤️
2026-01-01 11:04:07,"Jaajef, diam ci yaw"
2026-01-01 11:03:50,🤝❤️
2026-01-01 07:18:24,Bilay 😁
2026-01-01 07:18:08,🤝❤️
2026-01-01 00:06:43,Jaajef! Detwaay 😁
2025-12-31 21:31:17,🤝❤️
2025-12-31 19:27:31,Merci très cher. Je l’espère aussi🤝
2025-12-31 19:27:12,Jaajef 🤝❤️
2025-12-31 17:41:22,Amiin❤️jaam ci yaw
2025-12-31 17:03:49,"D’accord, dina nieuw ci addictions yi In Sha Allah"
2025-12-31 17:02:53,🤝❤️
2025-12-31 16:38:07,Amiin mon frère. C’est un plaisir!
2025-12-31 16:37:23,"Amiin, big thanks master🫡. J’avais l’intention de faire simple han 😁"
2025-12-30 12:34:25,Lou werr🤝❤️
2025-12-29 12:39:09,"Merci du retour, ça fait plaisir🤝❤️"
2025-12-26 19:32:22,🤝❤️
2025-12-26 19:32:15,🤝❤️
2025-12-25 17:15:18,Lolu nga giss?
2025-12-25 17:14:40,Tout à fait. N’empêche nous devons prendre et assumer des responsabilités🤝. C’est le paradoxe de la vie
2025-12-21 15:55:19,Jaajef champion 🤝❤️
2025-12-21 07:32:04,🤝❤️
2025-12-20 20:38:16,Salam! Écrivez moi
2025-12-19 10:17:15,C’est un plaisir 🤝
2025-12-18 19:00:44,🙏🏾❤️
2025-12-18 17:13:05,Merciii chef❤️
2025-12-18 15:25:59,Content que ça plaise
2025-12-18 12:44:50,"Absolument❤️, chaque réponse est une parcelle de conscience (meaning). Donc cette liberté s’étend avec notre conscience"
2025-12-18 12:06:13,Heureusement nous sommes en même temps la réponse 😭
2025-12-18 11:59:31,Amiin❤️
2025-12-18 08:44:59,"T’as bien compris, très bel aperçu. Concernant la compassion, la régulation dont tu parles se trouve dans l’acceptation de notre part d’humain (ñak mat bi égo di renforcer). Dans cette perspective, cette compassion en nous même se reflète dans nos rapports avec toute autre entité. Et l’évolution spirituelle même est dans ce lâcher prise issu de l’acceptation."
2025-12-18 00:50:31,"T’as parfaitement raison. Maintenant je ne dirai pas qu’il faut essayer de le désamorcer, car ce sera synonyme de désamorcer sa propre “vie” (c’est grâce à l’ego qu’on expérimente la vie ainsi dans la dualité). Donc je dirai plutôt que c’est en l’acceptant pleinement qu’on le transcende. Et ainsi on parvient à le maîtriser car nous devenons conscient de ces agissements. Donc il faut juste de la compassion envers soi en résumé."
2025-12-18 00:39:52,❤️📌
2025-12-18 00:39:47,Amiin mon frère
2025-12-16 23:58:22,Jaajef❤
2025-12-16 23:57:55,🤝❤️
2025-12-16 16:36:22,Amiin❤️
2025-12-16 15:01:14,"Mbaadou, Eskeuy"
2025-12-16 11:31:05,Absolument
2025-12-16 01:12:48,Dègël bii xeetu dëgg rek. Eskeuy! Defalma lii ci tableau citation yaa Seydi
2025-12-15 23:59:16,Amiin ❤️
2025-12-15 23:59:02,🙌🏾❤️
2025-12-15 23:58:48,"Ousama mii jambaar la d, Eskeuy"
2025-12-15 21:22:11,"Eupnaa def😂😂, ego bi ci la bok d. Mo takh experience dund neex. Xamal comment il fonctionne rek"
2025-12-15 21:21:05,🤝❤️
2025-12-15 19:27:12,🤝❤️
2025-12-15 19:27:07,🤝❤️
2025-12-15 18:05:35,Merci 🤝❤️
2025-12-15 17:53:04,Tout à fait
2025-12-15 17:52:31,Don’t think! Feel😁
2025-12-15 17:52:19,🤝❤️
2025-12-15 17:52:12,"Non c’est pas notre ennemi😁, c’est à accepter pleinement afin de pouvoir le transcender"
2025-12-15 16:42:17,"Jaajef! Absolument, C’est l’évolution qui nous y mène naturellement."
2025-12-15 16:41:23,🤝❤️
2025-12-15 16:41:19,🙌🏾❤️
2025-12-15 16:41:14,🤝❤️
2025-12-15 16:01:06,🤝❤
2025-12-15 15:41:55,🤝❤
2025-12-15 15:41:48,Waw yi xel nangu ko lu jafe la
2025-12-14 20:13:32,Ah tawfeex la kon. In Sha Allah je continuerai à les partager
2025-12-14 18:35:14,"Non, ce sont mes écrits, pas un livre"
2025-12-13 16:36:39,"Waw nangu d tóluwaay la! Yalna Yalla yèggé ñu, yombalal ñu"
2025-12-13 16:33:49,"Lu Yalla di jaarale ci mane la rek, juge wul ci livre d."
2025-12-12 11:08:12,Mercii très cher 🤝❤️
2025-12-10 19:51:59,🤝❤️
2025-12-10 18:35:09,Jaajef mon ami🤝❤️
2025-12-10 18:34:40,🤝❤️
2025-12-07 15:48:49,Jaajef frère
2025-12-07 14:13:39,Sans doute frère 🙏🏾❤️merci du retour
2025-12-07 12:58:55,Jaajef Seydina🤝❤️
2025-12-07 10:01:49,❤️📌
2025-12-07 07:18:31,Jaajef frère 🤝❤️
2025-12-07 07:17:17,"Jaajef ! In Sha Allah, boul wakh dara. Text ma plz"
2025-12-06 23:14:35,🤝❤
2025-12-06 23:14:04,"Non, suis pas une IA😁"
2025-12-06 22:41:10,Merci Jaarah
2025-12-06 22:41:03,Jaajef🙏🏾❤️
2025-12-06 22:40:56,Content que ça aide
2025-12-06 21:17:51,🙏🏾❤️
2025-12-06 21:17:48,Jaajef❤️
2025-12-06 20:00:45,Je demanderai aux organisateurs
2025-12-06 18:56:01,🙌🏾❤️
2025-12-06 18:52:47,🙏🏾❤️
2025-12-06 18:52:41,🙌🏾❤️
2025-12-06 18:52:36,Jaajef frère 🤝❤️
2025-12-06 16:34:50,🤝❤️
2025-12-06 16:23:02,Jaajef mon frère 🤝❤️
2025-12-06 16:17:55,Amiin🤝
2025-12-06 16:17:06,Mon frère 🤝❤️
2025-12-06 16:16:30,🤝❤️
2025-12-06 16:16:26,🤝❤️
2025-12-06 15:29:07,🤝❤️
2025-12-05 11:18:00,"Interessant retour! Merci du partage. Tout à fait, ce que je dis n’est pas dans le sens où Dieu a besoin de nous pour Se connaître. Yalla ci Yàllam gi “xam” amul, besoin amul, fofu lep matna. On dira juste que Dieu se connaît de façon Absolue. Ci Relativité la ñu baaxè ñun diòmu Adama ñu expérimenter Sa connaissance. Waw causalité mom ci illusion yi la bok rek, motax si on reste dans la dimension de la raison et de la logique, bien sûr amna. Mais quand tu sors de l’emprise de l’égo tu assistes à la simultanéité de l’existence. Ken dèful ken matalul dara de façon séparée et individuelle."
2025-12-05 11:06:37,Lou werr
2025-12-02 11:21:11,🤝❤️
2025-12-02 11:20:44,Bien vu frère 🤝❤️
2025-12-01 10:10:25,🙏🏾❤️
2025-12-01 00:24:40,🤝❤️
2025-11-29 21:58:16,🤝❤️
2025-11-29 00:42:06,Waw ci yénei yi la bok d
2025-11-29 00:41:50,Tout à fait 🤝
2025-11-29 00:41:20,🤝❤
2025-11-28 22:09:09,Merci du retour🤝❤️
2025-11-28 20:47:29,🤝❤️
2025-11-28 20:40:52,🤝❤️
2025-11-28 19:46:13,🤝❤️
2025-11-28 19:46:10,🤝❤️
2025-11-28 19:46:06,Jaajef🤝❤️
2025-11-28 16:19:39,Detwaay
2025-11-28 16:10:04,"Yalla ci Yallaam gi, xamna Bopam de façon absolue. Ci zaahir nak, monde bi ñu nek nii Mom mociy manifester wu, di wane bopam ci anam yu bokul, di xam bopam à travers nous (dound: amour et sagesse) ausssi de façon relative"
2025-11-28 16:03:13,Jaajef🤝❤️
2025-11-28 15:47:48,Bien dit🤝❤
2025-11-28 15:47:09,🤝❤️
2025-11-28 15:47:01,Malaraw Cheikh bi
2025-11-28 15:46:37,🙏🏾❤️
2025-11-28 15:46:26,Jaajef frère 🤝❤️
2025-11-21 22:52:22,Cette clairvoyance est en vous mon cher. Merci d’avoir de raviver cette intention de connaître que nous partageons.
2025-11-21 20:01:18,Merci frère 🤝 ❤️content que ça te parle
2025-11-18 10:51:49,"Ce n’est pas une définition, c’est une métaphore."
2025-11-17 21:59:23,Deuguit
2025-11-17 21:59:16,Amiin🤝
2025-11-17 21:58:22,Yaw kham nga li xew😁🤝
2025-11-17 10:14:07,Jaajef
2025-11-17 10:14:00,"J’avoue, C’est une nécessité"
2025-11-17 10:13:30,🤝❤️
2025-11-16 13:48:47,Truth vibrates high❤️
2025-11-15 23:35:21,"J’avoue, certains parents n’aident. C’est un sujet qui mérite qu’on s’arrête. Tkt Dinaci nieuw In Sha Allah"
2025-11-15 18:19:47,"Casser notre cycle d’habitude et nous exposer à des sources d’énergie positives (la nature, des personnes positives, du zikr etc)"
2025-11-15 18:16:54,Tout à fait 🤝
2025-11-15 01:04:53,Detwaay! Faudra te ressourcer
2025-11-15 01:04:23,Jaajef
2025-11-14 19:14:12,"Eskeuy, ci ñun la Lep nek, Jaajef Cheikh bi🤝"
2025-11-14 15:56:55,Merci champion🤝❤️
2025-11-14 15:21:15,🤝❤️
2025-11-14 15:21:12,Deuguit
2025-11-14 15:21:04,❤️📌
2025-11-12 19:15:01,"Jaajef champion, fi la eupei 🤝"
2025-11-11 23:41:48,"Un excellent livre, Ndeysaan, Eckhart ku Yalla dimbali la. Merci du retour 🤝❤️"
2025-11-11 23:22:24,🤝❤️
2025-11-11 17:08:13,Jaajef frère
2025-11-11 14:17:35,🤝❤️
2025-11-11 13:56:53,🤝❤️
2025-11-11 12:20:54,"Delu bi waxin la, tu ne dois pas le prendre littéralement"
2025-11-11 12:10:33,"Dinaci wakh In Sha Allah, tu peux m’écrire aussi si tu veux"
2025-11-11 12:09:08,🤝❤️
2025-11-11 12:09:04,Jaxle bou démei nan?
2025-11-11 01:15:54,Très bien dit🤝❤
2025-11-11 01:14:37,Eskeuy
2025-11-11 01:14:26,Écris moi
2025-11-11 01:13:46,🤝❤
2025-11-11 01:13:32,🤝❤
2025-11-11 01:13:26,Jaajef frère
2025-11-11 00:02:01,🙏🏾❤️
2025-11-11 00:01:33,Mon ami
2025-11-10 20:47:35,🤝❤️
2025-11-10 19:47:52,Merci du retour mon cher 🤝
2025-11-10 19:28:20,Jaajef🤝❤️
2025-11-10 19:28:09,🤝❤
2025-11-10 19:28:00,"Waw Lolu moy yoonu xam sa bop, dinaa ci nieuw In Sha Allah sur les prochaines vidéos"
2025-11-10 16:57:19,🙏🏾❤️
2025-11-10 16:42:34,Amiin❤
2025-11-10 16:42:06,🤝❤
2025-11-10 16:42:01,🤝❤
2025-11-10 16:41:56,Bien vu 🤝❤
2025-11-10 16:41:45,❤️📌
2025-11-10 16:02:07,❤️📌
2025-11-10 13:13:10,"Contaan ci yaw, amal diam🤝❤️"
2025-11-10 13:08:37,Amiin🤝❤️Jaajef
2025-11-08 21:47:53,🙏🏾❤️
2025-11-06 16:51:36,Jaajef 🤝❤️
2025-11-05 11:06:30,🙏🏾❤️
2025-11-04 22:35:30,🤝❤
2025-11-04 22:35:22,🤝❤
2025-11-04 22:35:14,Jaajef🤝❤
2025-11-04 22:35:05,🤝❤
2025-11-02 13:50:56,🤝❤
2025-11-01 12:40:53,🙏🏾❤
2025-11-01 12:40:46,🤝❤️deg ngama
2025-10-31 23:11:47,Jerejef! In Sha Allah dinaa yok yitè gi🤝
2025-10-31 22:52:33,Trés bien dit. L’essence du message est bien mise en exergue . Acceptation/Gratitude🤝❤
2025-10-31 22:50:16,❤️📌
2025-10-31 22:50:04,Merci🤝❤
2025-10-31 16:11:08,Amiin🤝❤️Jaajef
2025-10-30 12:40:50,🙏🏾❤
2025-10-29 20:10:29,🙏🏾❤
2025-10-27 23:29:05,Amiin🤝❤
2025-10-25 18:37:26,🤝
2025-10-25 11:07:56,❤
2025-10-24 20:35:08,"C’est un cadeau depuis Angleterre d, waye warna am model similaire fii"
2025-10-24 16:10:13,"Bel approche, lii moy ligeey bi geuneu am solo. Lep ci xamal ko bopam la🤝"
2025-10-24 16:08:08,🤝
2025-10-24 10:31:45,❤️📌
2025-10-24 07:55:14,🤝❤
2025-10-24 07:55:05,🤝❤
2025-10-23 23:43:33,"Merci, Content de vous lire. Tout à fait, la notion de comparaison a souvent une connotation négative alors que dans une certaine perspective ça aide"
2025-10-23 23:39:51,Merci 🤝❤
2025-10-23 23:39:42,"Ah oui, c’est dommage"
2025-10-23 23:39:26,Jaajef🤝❤
2025-10-23 23:39:20,🤝❤
2025-10-23 19:52:15,😭😂😂😂doyna waar
2025-10-23 19:51:47,Merci🤝
2025-10-23 19:51:42,Jaajef
2025-10-23 13:25:17,Merci🙏🏾❤
2025-10-23 13:18:40,🤝❤
2025-10-22 17:27:22,🙏🏾❤
2025-10-22 17:27:17,🤝❤
2025-10-22 17:27:10,Jaajef Cheikh bi🤝❤
2025-10-22 16:11:06,🤝❤
2025-10-22 15:15:02,"Bilay, motax ku delo lep Yalla rek nopalou"
2025-10-22 15:14:26,"Waw Yalla rek moy jëff ci lepp. Ki meun dara ginaaw beug, wala ki beug dara guinaw meun, Yalla moko def ci mom. Ci biir lolou Yalla dina ñu tek ci conditions ak opportunités yougn mëna yekci we ci Lolou."
2025-10-22 15:00:43,Jaajef
2025-10-22 15:00:36,Jaajef frère
2025-10-22 13:51:40,Li werr! Yen kaddu yi day lorr xale
2025-10-22 13:50:59,Jerejef 🤝❤
2025-10-22 12:53:28,Jaajef 🤝 Amiin
2025-10-22 12:40:19,"Amiin🙏🏾, lou werr jamono mo jaxasso rek"
2025-10-22 12:39:27,Merci 🤝❤
2025-10-22 12:14:44,Merci🤝
2025-10-19 22:07:18,"Jaajef, content que ça plaise"
2025-10-19 00:39:57,Jaajef 🤝
2025-10-18 21:16:49,🤝❤
2025-10-18 17:24:39,"Amiin, diam ci yaw ❤"
2025-10-18 09:51:33,Content que ça plaise et aide🤝❤
2025-10-17 02:01:05,Merci 🤝
2025-10-16 21:39:53,Mi ngi nonou d🤝❤
2025-10-16 21:39:45,🤝❤
2025-10-15 14:17:48,🤝❤
2025-10-15 00:39:22,Jerejef ❤
2025-10-15 00:39:16,Content que ça aide🙏🏾
2025-10-14 21:40:47,🤝❤
2025-10-14 12:11:58,Ce sont les vraies questions à se poser. Ça viendra avec le temps
2025-10-14 09:30:19,🤝❤
2025-10-13 22:20:51,J’avoue 😁
2025-10-13 19:31:49,❤️📌
2025-10-13 18:44:20,Deuguit
2025-10-13 11:00:01,Lou werr🤝
2025-10-12 14:53:11,Comment on le force?
2025-10-12 14:52:29,Dis nous de façon à ce que ça aide un non initié
2025-10-12 10:58:51,Bien vu🤝
2025-10-12 10:58:21,Je suis content de vous lire. Merci pour la force! We have to free the minds. Amul xalaat🤝❤
2025-10-12 00:32:13,⌛
2025-10-12 00:31:41,Merci chef 🤝❤
2025-10-11 18:53:43,Jerejef
2025-10-11 15:53:37,Jerejef🤝❤️ma ngi waslu akheu d
2025-10-11 15:33:23,📌❤
2025-10-11 15:32:47,Fii la eupei 🙌🏾
2025-10-11 15:32:03,🤝❤
2025-10-11 15:31:53,Waw yoyu mom gniko mom xam nagn sen bop
2025-10-11 14:20:01,Ci ñak xalaat la xalaat yi di ñewee😁
2025-10-11 14:19:22,🤝❤
2025-10-11 14:19:13,Jaajef🤝❤
2025-10-11 13:13:31,❤️📌
2025-10-09 07:36:02,"Merci, très bien vu"
2025-10-09 07:34:50,🤝❤
2025-10-09 07:34:42,"C’est vrai, ya des éveillés qui n’en ont pas sûr"
2025-10-09 07:33:36,Alhamdoulilah
2025-10-09 07:33:09,Merciii 🤝❤
2025-10-09 07:32:57,Jaajef
2025-10-08 10:11:21,Eskeuy! Deg deg bi ci yaw la🤝
2025-10-07 21:53:31,Le travail en renforcement musculaire doit commencer alors
2025-10-07 21:52:55,🤝❤
2025-10-07 21:52:50,Écrivez moi
2025-10-06 23:46:53,Dafay dièma xam boppam
2025-10-06 23:46:03,"Je ne sais dans quel contexte tu parles mais Si c’est utilisé à bon escient, y’a pas de mal. Comme ça mobilise les ressources inconscientes de la personne ça aider à soulager certains traumas, guérir etc"
2025-10-06 16:20:57,Dañ ko wara xam. Soko xamei nak yeuk yeuk bi andak xam gi meun nagn ni mbëgeel la waaye deug deug diègui na Lou kalaama meun tèkki
2025-10-05 22:53:53,Amiin🤝❤
2025-10-05 12:56:45,🤝❤
2025-10-05 11:46:17,🤝❤
2025-10-05 11:46:10,Amiin🤝❤
2025-10-04 16:12:48,Jaajef🤝❤
2025-10-04 12:54:03,🤝❤
2025-10-04 11:05:21,🤝❤
2025-10-04 11:05:15,Jaajef champion
2025-10-04 09:49:04,Écrivez moi
2025-10-04 09:48:44,Mbaadou! Solution ci lan nonou
2025-10-03 23:29:53,Bien vu
2025-10-03 23:29:37,Jaajef🤝❤
2025-10-03 21:43:22,❤️📌
2025-10-03 19:59:15,Eupnaa def😁 tkt ma ngi ci
2025-10-03 19:58:58,"Eupnaa def😁, ma ngi ci tkt"
2025-10-03 19:57:53,❤️📌
2025-10-03 19:57:45,"Amin Cheikh bi, Jaam ci yaw! Li yeup xètou Sant la"
2025-10-03 19:49:30,"Ah oui, c’est un système bien pensé qui se nourrit de l’Homme en contrôlant son énergie et plus t’es dans la liberté “moderne” plus t’es dépossédé de toi même. Our fight is about waking people up🤝"
2025-10-03 19:42:29,Amul xalaat🤝❤
2025-10-03 18:32:14,Amiin🤝❤️niou bok tawfeex yi
2025-10-03 11:48:33,🤝❤
2025-10-03 06:56:41,"Amin🙏🏾❤️Jerejef, niou bok tawfeex yi"
2025-10-02 09:11:20,Moy li neex deug
2025-10-01 23:33:52,🤝❤
2025-10-01 15:07:00,"Merci. Ya plein de bons livres, ça dépend juste des sujets qui t’animent"
2025-10-01 11:54:25,Lou leer
2025-10-01 00:11:20,"Jaajef Jaambar, content que ça plaise"
2025-09-30 13:30:00,❤️📌
2025-09-30 01:15:06,Doyna waar d
2025-09-30 01:14:48,🤝❤
2025-09-29 23:11:30,🤝❤
2025-09-29 23:11:24,🤝❤
2025-09-29 18:41:15,Yènei fort na🙏🏾 Jerejef 🤝❤
2025-09-29 12:15:20,"C’est la finalité, mais ça échappe aux gens"
2025-09-29 10:36:10,Merci🤝❤
2025-09-28 23:21:35,Content que ça aide. Ça fait plaisir. Merci pour la force
2025-09-28 22:45:44,Merci 🤝
2025-09-28 22:23:52,🤝❤
2025-09-28 19:48:59,Salam! Oui sans souci
2025-09-28 11:49:18,Jaarama🤝❤
2025-09-28 11:48:55,Merci Cheikh bi
2025-09-28 02:36:14,Merci pour la force
2025-09-28 02:36:01,Jerejef Cheikh bi
2025-09-28 02:35:44,Merci🤝
2025-09-28 02:35:29,"C’est excellent ça, bayi xel mbir yii d moy deloci sunu conscience"
2025-09-27 20:33:33,"Nous sommes tous liés au système d’une manière ou d’une autre, à moins de s’isoler et et vivre dans la nature. Maintenant par la grâce de Dieu, je suis conscient des vices du système. Donc même en y étant je ne me laisse pas à sa merci, au contraire je l’utilise pour arriver à mes fins…"
2025-09-27 20:27:24,"Tout à fait, niak xam moy sunu problem"
2025-09-27 20:26:00,"Merci, je vais bosser sur un concept plus détaillé"
2025-09-27 19:53:04,"Eskeuy, keemtaan la. Jerejef🤝❤"
2025-09-27 19:52:23,🤝❤
2025-09-27 16:41:31,Bien dit 🤝❤
2025-09-27 13:14:19,Waw lep ci éducation bila
2025-09-27 11:59:14,C’est superbe ça. Ma Sha Allah! Content que ça aide. Refusons de nous limiter à la superficialité des choses
2025-09-27 11:22:23,"Écris moi, on en parle"
2025-09-27 11:21:18,Jerejef
2025-09-27 10:46:58,Tout passe par l’intention et l’attention. Yeenei ak tewlu📌
2025-09-27 10:45:59,🙏🏾❤
2025-09-27 10:09:28,Jaajef sangu bi🙏🏾
2025-09-27 07:18:06,🙏🏾❤
2025-09-27 07:17:58,Ah Waw c’est noté 😁
2025-09-27 07:17:41,🤝❤
2025-09-27 07:17:32,Mi ngi nonou🤝 bien dit!
2025-09-27 01:59:36,Nonoula d🤝❤
2025-09-27 01:59:08,🤝❤
2025-09-27 01:59:00,"Mercii frère, ça fait plaisir"
2025-09-26 22:01:10,🤝❤
2025-09-26 21:47:57,Jaajef 🤝❤️. In Sha Allah dinaaci bayi xel. Certains notions sont peuvent paraître simples mais complexes dans le fond
2025-09-26 21:14:53,"Tout à fait, le gens cherchent à compenser ce vide à travers les distractions, malheureusement ça les enfonce"
2025-09-26 21:14:09,🤝❤
2025-09-26 21:13:58,🤝❤
2025-09-26 13:59:31,🙏🏾❤️Jerejef
2025-09-26 11:36:04,Jajef🤝❤
2025-09-25 15:08:50,"Merci, très bien vu, le mal est profond et a traversé des générations"
2025-09-25 09:38:40,"Detwaay 😭😁, nagn wasslou akeu rek"
2025-09-24 23:13:13,Le divin en nous doit se manifester 🤝
2025-09-24 18:26:55,Jerejef 🤝
2025-09-24 15:22:38,Jerejef 🙏🏾
2025-09-24 10:48:27,Moy sunu febarou société d
2025-09-24 10:47:51,"Eskeuy, content que ça te parle"
2025-09-23 17:16:57,🙏🏾❤
2025-09-23 11:46:14,Content que ça te parle. Merci🤝❤
2025-09-23 10:17:13,"Merci frère, t’as parfaitement raison. La religion a échoué bi wakhinn la rek, xamnaani Diinè dji matna seuk. Waaye sougn waxei Islam Jullit yè takh. Ya bcp de non dits dans une approche qui nous éloigne de la vérité"
2025-09-23 00:10:08,Yonou diinè moy bi gueneu yomb pour def ci nioun nittè
2025-09-22 23:53:28,Merci 🤝❤
2025-09-22 21:32:04,Très bien dit🤝❤
2025-09-22 21:30:53,Ndeysaan. Waxna deug d❤
2025-09-22 21:30:28,Kou deglou woul sa bopp do xam. Fi ngako tek fofou la
2025-09-22 21:29:48,🤝❤
2025-09-22 21:29:28,Je ne manquerai d’y veiller. Merci🤝❤
2025-09-22 20:43:42,🙏🏾❤
2025-09-22 16:58:34,Amin! Jerejef🤝❤
2025-09-22 12:12:50,🤝❤
2025-09-21 17:35:15,Dans quel sens?
2025-09-21 15:22:53,🤝❤
2025-09-21 03:17:26,Deuguit
2025-09-20 23:15:34,Jerejef
2025-09-20 18:18:54,Tres bien dit 🤝❤
2025-09-20 13:36:43,Écrivez moi en dm
2025-09-20 13:36:25,"Bien vu🤝, l’approche doit être revue"
2025-09-20 11:42:37,🤝❤
2025-09-20 11:42:33,❤️🧠
2025-09-20 09:00:07,🤝❤
2025-09-20 08:59:51,Bien vu Seydina Oumar🤝
2025-09-20 02:47:13,🤝❤
2025-09-20 02:47:08,Merci mon cher 🤝
2025-09-20 00:30:35,Merci du retour ❤
2025-09-20 00:30:22,🤝❤
2025-09-20 00:04:17,Merci! Très bien vu
2025-09-20 00:03:57,Jerejef ❤
2025-09-20 00:03:37,🙌🏾🤝
2025-09-20 00:03:31,🤝❤
2025-09-20 00:02:59,Merci🤝❤
2025-09-19 22:29:17,🤝❤
2025-09-19 22:29:10,Jerejef
2025-09-19 22:29:03,Merci❤
2025-09-19 22:28:56,La base🤝
2025-09-19 22:28:37,Eskeuy moy mbir mi❤
2025-09-19 22:28:12,You know🤝
2025-09-19 22:28:03,Merci mon cher 🤝❤
2025-09-18 23:57:01,🤝❤
2025-09-18 16:02:17,🤝❤
2025-09-18 02:53:24,🤝❤
2025-09-17 17:31:35,🤝❤️❤
2025-09-17 17:31:33,🤝❤
2025-09-17 09:17:23,🤝❤
2025-09-17 09:17:16,Jaajef 🙌🏾🤝
2025-09-17 09:17:06,Jaajef yaaram🤝❤
2025-09-16 21:21:18,🤝❤
2025-09-16 16:55:50,Merci chef🤝❤
2025-09-16 12:03:27,❤️🧠
2025-09-15 21:01:16,T’es grand mec
2025-09-15 11:11:57,🤝❤
2025-09-15 08:59:30,Mercii mon ami🤝❤
2025-09-15 08:59:03,Merci mon cher🤝
2025-09-15 08:58:50,Fa la ligeey bi nek d🤝
2025-09-14 22:01:53,"Indeed, Hope it helped in some way"
2025-09-14 14:51:15,Merci❤
2025-09-14 14:30:49,🤝❤
2025-09-14 14:29:51,"Wouah quelle question! Natou d mooy lila Yalla natal ci Bopam ngir nga xam ko, ba pare meun ci wane sa bopp. Mën naa nek lou neex comme lou mèti. Mbougeul nak c’est son opposé, c’est carrément le malheur. Lila Yalla may mouno ci yekci, t’es en dehors de la lumière. C’est purement karmique, xètou safara la boy expérimenté ci ben diir bou Yalla di décider."
2025-09-14 14:08:36,Tres bien dit! Amiin🤝❤
2025-09-14 11:22:57,Merci🤝❤
2025-09-14 11:22:45,Je t’assure
2025-09-14 11:22:34,🤝❤
2025-09-14 11:22:28,🤝❤
2025-09-13 23:23:16,🤝❤
2025-09-13 23:23:04,La vérité 🤝
2025-09-13 21:37:20,"Ndeysaan, content que ça te parle"
2025-09-13 21:36:53,😁J’avoue
2025-09-13 21:36:23,"Detwaaay😁, merci"
2025-09-13 16:32:27,Tu penses? Yaw mi werr on t’écoute
2025-09-13 16:22:25,🤝❤
2025-09-13 13:34:02,Jaajef🤝❤
2025-09-13 13:33:50,"De façon simple paix intérieure mo ngi diouguei ci nangou (soumettre sa vie à la volonté de Dieu, nangou ni nga Mel ak limou la tek), ci deukei Sant Yalla (que ça soit dans une situation positive ou négative) ak fatalikou sa borom (zikr)."
2025-09-13 13:29:17,"Eskeuy! Je me disais que comme les gens ne lisent plus, les vidéos seraient le meilleur moyen de transmettre de la connaissance. Mais j’avoue avec un livre ce sera plus détaillé. Je vais y songer 🤝"
2025-09-13 13:27:38,Jerejef
2025-09-13 13:27:24,Ahh Waxal d
2025-09-13 13:27:10,Amiin❤
2025-09-13 13:27:03,Merci ❤
2025-09-13 02:12:24,Lolou rek la🤝❤
2025-09-13 02:12:08,Moy deug 🤝❤
2025-09-13 02:11:28,Ah oui tu penses. L’école française nourrit quel système?
2025-09-12 23:39:45,Bien dit🤝
2025-09-12 23:18:46,🤝❤
2025-09-12 14:25:17,🤝❤
2025-09-12 10:54:52,"Ça dépend juste de notre niveau de conscience. Kou xamoul bopam, richesse matériel bi ça aide à le mener davantage à sa perte. Et c’est pourquoi je dis qu’on doit profiter de ces épreuves pour forger notre humanité. Ainsi on pourra jouir d’une vraie richesse, bcp plus pérenne que celle des européens"
2025-09-12 10:24:34,Amiin waay! Méthode yi warnagn changer
2025-09-12 10:24:10,"Ah doynawaar d, nitté yomboul"
2025-09-12 10:22:54,Content que ça aide🤝❤
2025-09-12 00:19:42,Diam ci yaw frère 🤝❤
2025-09-11 21:42:44,Mercii chef🤝❤
2025-09-11 21:42:35,Merci🤝❤
2025-09-11 21:42:29,Tout à fait🤝
2025-09-11 20:16:09,Jaajef❤️🤝
2025-09-11 18:37:16,"Content que ça te parle🤝❤️Jaajef, je ne manquerai pas d’en faire d’autres"
2025-09-11 01:04:57,"Merci frère du retour🤝. Oui tout à fait, on a toutes les ressources matérielles brutes. Mais quand je parle de natou c’est principalement pour dire que la vraie ressource c’est l’être humain, si cet être est dépossédé de ces capacités et ne connaît pas grand chose de lui même, Lolou moy deugui natou, motax on ne parvient pas à tirer profit des richesses dont tu parles."
2025-09-10 23:41:29,Merci❤
2025-09-10 19:19:55,🤝❤
2025-09-10 12:45:22,Nonou la dèmei d😁😭
2025-09-10 12:45:00,🤝❤
2025-09-10 01:04:58,"J’ai déjà une vidéo ci walougn natou Yalla. Tu peux voir ça. Là je parle du fait que domou adama bi nekoul natou bi moo wara nek son identité. Ken mounoul deuk ci pauvreté, wala febar… Sou amei rek c’est parce qu’on a pas encore assimilé la leçon de vie."
2025-09-09 22:59:18,🤝❤️
2025-09-09 22:58:37,🤝❤️
2025-09-09 22:58:23,Jaajef mon ami🤝
2025-09-09 22:02:11,Jaajef yaaram🤝❤️
2025-09-09 22:01:58,🤝❤️
2025-09-09 22:01:52,🤝❤️
2025-09-09 22:01:44,❤️📌
2025-09-09 22:01:35,"Faut comprendre que natou, nekoul lou négatif kessei. Amna kou Yalla may alal par exemple, Lolou natou la. Donc kokou dafa wara Sant Yalla ci alal gi, pas diaxle. Peu importe naturou natou bi test la rek. Gniko dialeu nioy Gni Sant Yalla."
2025-09-09 20:47:58,Amul xalaat
2025-09-09 16:54:02,"In Sha Allah, Jerejef ci xelal bi🤝❤️"
2025-09-09 16:53:19,Grave😭
2025-09-09 10:51:22,"Waaw deg deg bi d mo eup solo, ci ngakoy meun jikkowoo"
2025-09-08 16:56:00,🤝
2025-09-08 14:46:55,Jerejef
2025-09-08 12:13:33,Merci pour la force champion 💪🏿
2025-09-08 11:34:39,Waaw Lolou d warna meun am solo. Je prendrai le temps de l’organiser In Sha Allah
2025-09-08 10:48:49,"Jerejef ❤️, dokh bobou d moo war nieup"
2025-09-07 23:58:05,Mercii🤝❤️
2025-09-07 22:31:24,🤝❤️
2025-09-07 20:37:38,"Ah merci bcp, content que ça te parle"
2025-09-07 20:26:34,Let’s goooo
2025-09-07 19:49:01,"Walay Ndeysaan, loloy yeene gi d. Xam nga lepp🤝❤️"
2025-09-07 19:04:03,Damay tagat yaram bi touti rek
2025-09-07 17:23:40,Merci chef 🤝❤️
2025-09-07 15:06:08,Ça marche 🤝
2025-09-07 11:54:26,Merciii ❤️
2025-09-07 11:54:08,Tu as compris très tôt Ma Sha Allah🤝
2025-09-07 11:52:59,"Waw Lolou waxiin la! Bougn nè diinè nit yikoy ngank laniouy adresser. Et bien dit, le vrai travail est interne"
2025-09-06 21:17:52,"Ndeysaan! Lolou xol bou set moko giss🤝❤️. Amiin, que Dieu te bénisse"
2025-09-06 17:14:53,Tout à fait🤝
2025-09-06 11:34:53,Tkt naaci ligeey
2025-09-06 11:34:38,Mo ngi baax kon🤝❤️
2025-09-06 10:21:19,Merci❤️
2025-09-06 10:20:43,Respect🤝❤️
2025-09-05 23:28:06,🤝❤️
2025-09-05 23:10:09,"Doynawaar 😁, l’approche doit changer"
2025-09-05 22:34:51,Happy it resonates with you🤝
2025-09-05 20:41:36,"Mercii, ça fait plaisir ❤️"
2025-09-05 20:38:01,Merci du retour🤝❤️. T’as bien vu
2025-09-05 20:37:23,"Deuk bi gniy nélaw danio bari d, boul nangou koula douter lo"
2025-09-05 20:14:42,À toi de me dire frère. Loum ci wakh?
2025-09-05 20:10:58,Je te jure.
2025-09-05 17:08:22,Amiin❤️
2025-09-05 16:23:57,Jerejef ❤️
2025-09-05 15:14:29,Haha😁Jajef 🤝
2025-09-05 15:13:28,🤝❤️
2025-09-05 11:00:40,"J’avoue, c’est une survie moins sauvage 😁, dans un cadre descent"
2025-09-05 10:59:32,L’espoir est permis 🤝❤️
2025-09-05 01:39:16,Amin🤝❤️
2025-09-04 14:58:40,Jaajef 🤝❤️
2025-09-04 14:58:34,Amiin❤️🤝
2025-09-04 10:05:56,Jaajef🤝❤️
2025-09-03 23:27:52,Eskeuy lolou tawfeex la d
2025-09-03 09:58:56,Merci❤️
2025-09-02 18:16:09,Mbadou danio niro 😁
2025-09-02 10:33:28,"C’est pas méchant, ça arrive"
2025-09-01 22:50:45,Amiin🤝❤️diam ci yaw
2025-09-01 20:54:50,Da nga nité rek😁🤝
2025-09-01 20:53:48,J’avoue 🤝
2025-09-01 20:53:25,Amiin🤝❤️
2025-09-01 15:14:13,Oui sans soucis
2025-09-01 13:12:28,Jerejef 🤝
2025-09-01 09:18:44,Jaajef 🤝
2025-08-31 23:05:21,T’as la taille idéale
2025-08-31 21:15:05,"Ndeysaan, comme vidéo klk minutes la mom je synthétise juste. Meun nagn waxtaan ci li leeroul. Ban degg degg nga am ci différence bi?"
2025-08-31 21:05:09,Yalla
2025-08-31 21:04:56,Tout à fait🤝
2025-08-31 19:54:37,Ah Ma Sha Allah. Jerejef ci proposition yi. Nako saytou
2025-08-31 15:40:13,"Ok je vois. Waw lolou d ci yarinou Islam la bok, moy limay expliquer ci branche éducation bi"
2025-08-31 13:59:07,C’est quoi ce travail?
2025-08-31 12:44:02,Tout à fait🤝
2025-08-31 10:42:21,"Merci du retour, contaan naaci 🤝"
2025-08-31 10:40:32,Doyna waar d
2025-08-31 10:40:18,Lolou amna d
2025-08-31 10:39:58,Salam! Jerejef 🤝
2025-08-31 10:39:44,Content que ça te parle 🤝
2025-08-31 10:39:21,"Ne t’inquiète pas, avec le temps Lep dina leer. On pourra discuter sur certains sujets si tu veux."
2025-08-31 00:44:29,Ça arrive bientôt tkt😁
2025-08-31 00:44:17,"Bind ma niou waxtaan ci, souvent solution bi sori woul"
2025-08-31 00:43:45,Merci🤝
2025-08-30 22:07:39,Et c’est quoi cet autre cheminement?
2025-08-30 22:06:59,"En Terminal juste, comme la majorité d’entre nous"
2025-08-30 14:52:01,In Sha Allah🤝
2025-08-30 14:49:39,Mbaadou
2025-08-30 14:30:31,"Bobou d sujet entier la. Mais pour faire simple xol bi sou dalei, xalaat yi daniouy sèleu, xalaat you positive yi nioy indi yeuk yeuk you positive. Le corps est revitalisé, nga am thiawarté boleici werr"
2025-08-30 11:58:39,De Dakar
2025-08-30 11:04:49,Mbaadou😁 diem naako simplal d
2025-08-30 11:04:22,Yalla ngaci dieulei ndiarign🤝
2025-08-30 11:03:20,Jaajef ❤️
2025-08-30 11:03:05,🙌🏾❤️
2025-08-30 11:02:54,Amiin ❤️🤝
2025-08-30 11:02:44,Jaajef Sama waadji 🤝❤️
2025-08-30 02:21:35,"Jaajef. Waw Amul xalaat bi signifier wul littéralement bania xalaat. Xalaat mounoul niak, ci fonction de survie la bok. Amul Xalaat nak ci teewlu lay wo nit ki. Lolou moy takh mou xam bopam, legui nak nit yi sèni xalaat nioy sen premier ennemi, xel nak sou deukei ci xalaat dou am ndiarign, sonal borom"
2025-08-29 23:33:23,Jaajef frère❤️
2025-08-29 23:33:11,Amiin ❤️niou bok tawfeex yi. Merci bcp
2025-08-29 23:13:27,Waw tu peux m’écrire on en parle 😁
2025-08-29 23:13:08,"Jaajef mon ami. Oui ya bcp de cheminements qui facilitent cette connaissance. Li Diiné di proposer à travers Alkhuraan ak suna, kou fi farlou rek xam. Sunu mak you baax yi aussi bayil nagn niou tassawuuf, qui est partie intégrante de l’Islam et ya plein d’autres outils en dehors de l’Islam…"
2025-08-29 23:09:07,🤝❤️
2025-08-29 23:09:01,"Jerejef frère, ma ngi Sant boubaax. Guiss nga d, Yalla nopal na niou"
2025-08-29 22:24:34,Exact! Quand tu pris on te dit sa xel ci Yalla rek la wara nek. C’est juste pour dire tewlu. Tu te déconnectes du monde matériel et le temps. Ce qui reste c’est un vide (fala Lep nek)
2025-08-29 22:12:48,"Pour faire simple, c’est être dans le moment présent. Sa xel bania nek ci dara lou matiériel ou temporel"
2025-08-29 22:09:45,🤝❤️
2025-08-29 22:09:16,Jerejef ❤️
2025-08-29 22:09:05,Bilay recitation bobou amoul ndiarign😁
2025-08-28 15:24:31,Deuguit❤️
2025-08-28 15:24:16,Jaajef❤️
2025-08-28 15:23:57,Ndeysaan Yalla wakh naniou Lepp. Domou adama mo ságan rek
2025-08-28 15:22:47,"Tres bien résumé, xam xam moy deug. Merci 🤝"
2025-08-28 15:21:32,Jerejef
2025-08-27 15:08:33,Jaajef frère
2025-08-27 00:27:39,Soko xamei rek nopalou
2025-08-26 11:52:43,Jaajef🤝
2025-08-26 10:22:20,❤️📌
2025-08-26 00:26:32,Yessir🙌🏾👊🏾
2025-08-25 21:36:50,Mon frère 🤝❤️
2025-08-25 14:01:58,🤝❤️
2025-08-25 11:14:55,Fa la lepp nek
2025-08-25 10:26:14,C’est un plaisir 🤝
2025-08-25 02:05:45,"Tu connais 🤝, peu de gens y accèdent"
2025-08-25 00:34:02,"C’est une très bonne chose de se poser ce genre questions, c’est ce qui assure ton évolution spirituelle et mentale"
2025-08-25 00:32:54,Detwaay 😭😁
2025-08-25 00:32:44,Jerejef
2025-08-24 21:35:18,❤️🔥
2025-08-24 19:47:20,Merci bcp. Tout à fait c’est le fondement même
2025-08-24 19:46:41,Content que ça aide❤️
2025-08-24 19:46:03,🤝❤️
2025-08-24 16:08:18,Kokou niveau la🤝
2025-08-24 14:55:17,"Waw gars yi d Ndeysaan ils sont dans l’émotion, ragal aussi mo dominer ci message diinè gi. Ta Yalla ci mbeugeel la ñu amalee"
2025-08-24 14:21:32,"Ah bou nieup di daw taxaw dou yomb, waaye moy li war nieup d"
2025-08-24 14:14:21,Tout à fait
2025-08-24 12:22:03,❤️🤝
2025-08-24 11:32:33,Waw doynawaar d
2025-08-24 11:32:19,Lolou moy li war d
2025-08-24 11:31:57,Merci❤️
2025-08-24 11:31:47,Tkt dina ci taxaw In Sha Allah
2025-08-24 11:31:21,"J’avoue, c’est dense! Merci❤️"
2025-08-24 01:03:43,Waw nga deug farlu wuma ci bind bi
2025-08-24 01:02:51,🤝❤️
2025-08-24 01:02:37,"Haha je vois. Merci du retour, ça fait plaisir❤️"
2025-08-24 00:26:01,Detwaay😭IA wolofam lèrè woul nii d😂
2025-08-24 00:20:44,Jaajef
2025-08-23 19:57:51,"Ceux qui ont établi ce système, ce sont des génies. Ils nous utilisent de façon subtile et nous tuent à petit feu.."
2025-08-23 19:55:48,Content que ça te parle bro. Ne t’en fais pas. Amul Xalaat
2025-08-23 19:53:58,Jaajef champion 🤝❤️
2025-08-23 19:53:09,Jaajef🤝
2025-08-23 19:52:04,Bougoul nga xam ko sakh. Niofar
2025-08-23 16:46:28,Aythia🤝❤️
2025-08-23 16:25:50,🤝❤️
2025-08-23 14:52:42,Amiin 🤝 Jaajef ❤️
2025-08-23 14:51:58,Amiin❤️
2025-08-23 14:28:19,Content que ça aide🤝❤️
2025-08-23 14:27:55,Exactement 🤝
2025-08-23 12:12:49,Tout à fait🤝
2025-08-23 10:57:41,Degg ngako🤝❤️lepp delou waat ci Yalla
2025-08-23 09:37:47,"Wa guiss nga d, Lolou motax amul effet ci sen dound"
2025-08-23 09:35:57,🤝❤️
2025-08-23 01:21:18,Amiin❤️
2025-08-23 00:41:50,Merci🤝❤️
2025-08-23 00:17:23,Waw Lolou moy sunu jihad d. Gëna farlu rek
2025-08-23 00:15:09,Merciii 🤝
2025-08-23 00:15:00,Content que ça te parle🤍
2025-08-23 00:03:42,🤝❤️
2025-08-23 00:03:35,Dioulikat you bari dioulitei gougn d😭
2025-08-23 00:03:05,Da melni d😭
2025-08-23 00:02:42,"Amiin Cheikh bi, niou bok tawfeex yi"
2025-08-22 22:52:52,Deuguit! Notre système éducatif nous pousse vers le monde extérieur malheureusement
2025-08-22 22:51:02,Merci🤝❤️
2025-08-22 22:48:07,Ce sera avec plaisir
2025-08-22 22:34:12,Mercii❤️
2025-08-22 22:32:42,Tout à fait🤝. Merci
2025-08-22 22:05:46,❤️📌
2025-08-22 21:30:13,Jaajef🙌🏾🤝
2025-08-22 19:47:29,🤝❤️
2025-08-22 19:33:08,Fa la lep nek🤝❤️
2025-08-22 19:32:40,Jaajef 🤝
2025-08-22 19:32:32,🤝❤️
2025-08-22 11:15:36,🫡🤝
2025-08-22 10:28:30,Merci 🤝
2025-08-22 10:28:17,Deuguit
2025-08-22 10:28:07,Mercii❤️
2025-08-21 19:09:47,"Ah woorouma d, xamnaani ma ngi ci yonou nité daal"
2025-08-21 19:06:43,"Guiss nga d, ligeey bi ci sunu bop la"
2025-08-21 15:42:18,🤝❤️
2025-08-21 15:42:07,Ah oui ya du taff ici. Dès fois c’est frustrant de voir ça.
2025-08-21 15:38:08,Mercii
2025-08-21 13:30:54,Waw Lolou c’est une très bonne idée. In Sha Allah Dinako planifier
2025-08-21 09:43:21,Les gens sont dans la superficialité des choses
2025-08-21 09:41:22,Nonou la dèmei d
2025-08-21 09:41:08,Jerejef❤️
2025-08-20 21:41:02,"T’as bien vu, c’est un système où tout est interconnecté"
2025-08-20 20:47:01,"Ah oui, faw niou nangou d’abord"
2025-08-20 16:24:57,🤝❤️❤️
2025-08-20 15:43:28,Absolument 🤝
2025-08-20 15:43:14,🤝❤️
2025-08-20 14:13:28,Amiin❤️Dieu vous bénisse
2025-08-20 13:09:44,Oui ça va de paire ndakh ko xamoul mounoko beug. Malheureusement li eup ci julit yi guem bi tegouwoul ci xam
2025-08-20 12:35:45,"Xam nga ba parei, tu dois juste t’en rappeler. Lolou moy zikr. Zikr nak barina façon, les pratiques de la religion zikr la, méditation zikr la, les confréries même avec leurs wirds sont des méthodes pour xamal la sa bop à travers le zikr et la prière sur le prophète (psl)"
2025-08-20 12:29:11,La réponse est en toi. Ça se dévoilera quand tu auras l’intention de connaître ta mission
2025-08-20 10:23:02,❤️🤝
2025-08-20 09:16:46,"Bien dit🤝. Fa la Lep commencer, le physique est juste une manifestation de l’invisible"
2025-08-20 09:15:41,C’est l’objectif 🤝 on doit regagner notre pouvoir
2025-08-19 19:14:12,Ça change tout 🤌🏾
2025-08-19 19:13:49,"Dègeul, Jajef 🤝🫡"
2025-08-19 19:13:24,Merci c’est gentil🤝
2025-08-19 15:12:29,Jaajef🤝
2025-08-19 13:03:31,Amiin❤️Lolou moy yénei bi🤝
2025-08-19 10:16:39,Ce sera avec plaisir. Écris moi
2025-08-19 09:17:21,Mes respects🤝
2025-08-19 09:16:56,Jaajef🤝
2025-08-19 00:18:18,"Doynawaar d, niak xam dafa méti"
2025-08-18 21:00:09,"Boul wakh dara, naaci diouk 😭😂"
2025-08-18 20:58:12,Jerejef❤️
2025-08-18 20:03:57,"Oui degg Arabe d baaxna. Mais ce n’est pas un problème. Les guides religieux dont tu parles, ce n’est pas leur compréhension de l’arabe qui leur ont permis dacceder à ce niveau de sagesse, c’est juste l’outil linguistique à travers lequel ils l’ont exprimé. l’interprétation qu’ils peuvent avoir du coran ou des khadiths, même les natifs arabes ne l’ont pas. Donc ce que tu comprends par là, Yalla moy xamlei, guinaw bi nga amei yéneiy xam"
2025-08-18 19:47:35,C’est exactement ça.
2025-08-18 19:46:43,Oui problem yi ci keur yi la commencer
2025-08-18 14:23:22,🤝❤️
2025-08-18 12:22:27,"Sen capitaine bi waxna deug. Domou adama niveau bayima bi ci nit la. Yekci ci nité nak processus la. Dou question de t’es incapable de réfléchir sakh, ndakh dou ay xalat moy takh nga kham. Xalaat bi depart la rek. Waaye Yalla moy xamle deugui xam xam. Yaw amal yèney xam rek, deglou sa bop.."
2025-08-18 10:42:54,On dort toujours malheureusement
2025-08-18 10:42:32,Wakh nga deug d
2025-08-18 10:42:12,Lou leer
2025-08-18 10:42:02,Merci chef
2025-08-18 10:41:47,❤️🤝
2025-08-18 10:41:25,Jaajef champion! Wakh nga lep 🤝
2025-08-18 10:39:56,Jaajef
2025-08-18 00:44:21,Jaajef🤝❤️
2025-08-18 00:04:20,Jaajef🤝
2025-08-17 23:05:47,🤝
2025-08-17 22:34:29,Lou leer
2025-08-17 22:33:20,Ah oui l’humain a oublié sa nature propre
2025-08-17 22:30:04,Voilà c’est un outil de survie. Pas la finalité d’une vie
2025-08-17 19:32:08,C’est exactement ça
2025-08-17 15:32:23,"Mi ngi nonou d, Sant rek"
2025-08-17 11:04:43,❤️📌
2025-08-17 11:04:30,Ce choix est nécessaire! Jajef champion 🤝
2025-08-16 22:40:13,Det mane matouma seriñ😂
2025-08-16 22:39:51,Bilay loin de là!
2025-08-16 21:46:54,Yeuk yeuk bobou dalay fatali ki nga donn. Ya ngi ci yonn
2025-08-16 21:35:25,"Nieup meun nagn yekci ci Lolou. Ça dépend nak Kou nek ak fila Yalla di diaralei pour xamal la. Pour accéder à cela nak zikr mokoy yombal (dîné par exemple fofou lalay diaaralei), di wèt ak sa bopp aussi zikr la (méditer), y’a plein d’autres moyens accessibles pour te faciliter cette quête"
2025-08-16 21:26:58,"Xam sa bopp (xam Yalla ak litax mou indi la fii) moy dèlou ci xam li nga beug deug, nga dokh ci Lolou. Être en paix avec soi même…"
2025-08-16 21:16:37,🤝❤️
2025-08-16 18:20:23,Merci🤝
2025-08-16 13:31:26,Big thanks🤝
2025-08-16 13:31:06,Merci 😁🤝
2025-08-16 13:30:51,"Eskeuy, Lolou tawfeex la🤝"
2025-08-16 09:57:01,🙏🏾❤️
2025-08-16 08:57:26,"Jaajef, In Sha Allah boul wakh dara🤝"
2025-08-16 08:55:33,"Très bon schéma. Legui faut savoir que xam sa bop mo eumb yenen xètou xam xam yi, parce que c’est la finalité"
2025-08-16 08:47:37,Thanks ☺️
2025-08-15 23:50:50,"Amul xalaat, les destinataires recevront 💯"
2025-08-15 22:45:49,Jaajef ❤️
2025-08-15 22:14:42,Fi daniouy nelaw ci Lolou batay
2025-08-15 15:43:44,Jaajef
2025-08-15 15:17:11,Jaajef champion
2025-08-15 14:33:27,C’est exactement ça. La responsabilité individuelle avant tout
2025-08-15 14:08:42,Sans soucis. Écrivez moi!
2025-08-15 13:45:34,Yalla😁
2025-08-15 13:45:13,"merci ma chère 😁🤝, diam ci yaw"
2025-08-15 13:15:20,Merciiii
2025-08-15 13:15:10,Jajef
2025-08-15 13:14:23,Merci mon cher 🤝
2025-08-15 11:24:54,Ci méditation bi?
2025-08-15 11:23:17,🤝❤️
2025-08-15 11:23:09,Absolument
2025-08-15 11:23:02,Tu peux avoir une meilleure forme même. Fixe un objectif clair et sois rigoureux avec toi même.
2025-08-15 11:21:23,Malheureusement on tend vers cette crise
2025-08-15 11:20:39,Merci du retour❤️
2025-08-15 11:20:24,"Belle perspective! “On a peur de tout” bien dit , et ce sont les conséquences du conditionnement social."
2025-08-15 09:51:47,Nous avons un problème de responsabilités
2025-08-15 09:51:17,"Mbaadou😁, merci"
2025-08-15 08:43:12,Bilay! Gni yekci ci courage dieul sen yon bariwoul nak
2025-08-15 08:42:04,Doynawaar d
2025-08-15 07:06:03,Jajef champion
2025-08-15 00:36:27,Jajef mon ami🤝❤️
2025-08-15 00:35:14,Meun na nek d😁
2025-08-15 00:35:00,"C’est ça, les gens n’ont pas l’opportunité d’explorer qui ils sont réellement"
2025-08-15 00:33:43,Jajef
2025-08-15 00:33:32,Waw Lolou d moy deugui Sant 🤝
2025-08-15 00:03:35,Haha j’espère que t’es pas déçu
2025-08-14 23:34:55,Jaajef bro🤝
2025-08-14 23:34:09,"C’est vrai, dinaaci bayi xel In Sha Allah"
2025-08-14 23:33:09,Merci chef
2025-08-14 23:32:56,Big thanks
2025-08-14 22:44:55,Continue de briller le génie 🔥❤️
2025-08-14 15:16:24,Fii la eupei🤝
2025-08-14 13:26:44,"Yaw vrai arnaque nga, ak sa faux compte bi😂😭"
2025-08-14 13:25:56,😂😂😂😂Nala bloquer yaw
2025-08-14 08:49:31,"Certes, mais c’est possible avec le temps"
2025-08-13 23:56:05,Amin niou bok tawfeex yi 🤝
2025-08-13 23:55:45,Niofar🤝
2025-08-13 19:00:32,Jaajef
2025-08-13 19:00:17,"Ndeysaan, yalnako Yalla yereum. Dound dafa mèti, ndakh c’est pas logique pour le cerveau. Yalla nak de par l’expérience laniouy xamal."
2025-08-13 15:29:43,Gars yi waxoul nio eup xam xam d😁
2025-08-13 13:08:08,"Jajef champion, merci du retour"
2025-08-13 12:37:09,🤝❤️
2025-08-13 12:37:02,Lolou tawfeex la! Jaajef
2025-08-13 12:36:36,"L’école occidentale en général kay, faw niou changer ko"
2025-08-13 12:36:07,Ki kay talibé bou amoul bèneu xalaat la😁
2025-08-13 12:34:58,"In Sha Allah, motax faaw Yeurmandei délouci, to Lolou ci nité la bokk"
2025-08-13 12:34:18,❤️📌
2025-08-13 12:34:09,Don’t mind🤝
2025-08-12 23:16:37,Jaajef🤝
2025-08-12 23:16:23,Mbaadou😁
2025-08-12 13:21:04,Exactement
2025-08-12 13:20:19,Mercii☺️
2025-08-12 13:20:07,"T’es un géant, force💪🏿"
2025-08-12 13:19:14,Merci🤝
2025-08-12 13:19:07,❤️📌
2025-08-12 13:18:44,"Waw t’as raison, so dieulei diiné islam, meun nga topou Akhuraan ak suna pour yekci ci sa bop, mais faaw Guem gi tègou ci xam. Li nga wara xam nak guinaaw bi nga amei yènei bi Yalla molaciy guindi. Kiy diang alkhuraan meun na bania xam limouy teki, kiy diouli ci yonent bi meun na bania xam limouy tèki, mais souko tewloo kaddu yoyu dafa am énergie day rakhass xol ngir kiiray gui wagnékou. Ça peut prendre du temps nak, Motax guide spirituel am pour yombalal nien gni yonn bi comme tarikha yi niniouy fonctionner ici. Tu comprends un peu?"
2025-08-11 23:32:26,"Waw lolou mom c’est l’essence de notre existence. Y’a bcp de chemin possible pour y accéder. Ci sunu deuk yii diinè tek na yonn pour niou yekci ci Lolou. Ta lolou ci fatali lay diar (zikr: prière, tudd tourou Yalla, jang alxuraan, méditation etc )"
2025-08-11 23:26:10,Fii la eupei 🤝
2025-08-11 19:21:59,Lii def ko affiche nieup diot ci Saay 🤝
2025-08-11 16:36:07,💪🏿🤝
2025-08-11 16:35:54,Omzo d nena Kou meun fèyi mounoul kharou ci ndokh😁
2025-08-11 12:36:49,"Yi nga toud yen ci manifestation xam sa bop la, la conséquence. Xam bii may wakh ça revient à savoir que nous sommes une entité divine dans une expérience humaine. Lolou c’est lié à une mission (ce pourquoi tu es là), ci bi nga xamei fan nga diouguei, fan nga nek ak lou takh nga nek fi nga nek…"
2025-08-10 21:15:31,🤝❤️
2025-08-10 16:32:19,"C’est un travail de toute une vie, soit patiente avec toi même, tout se dévoilera. Surtout écoute toi. Tewlu sa bop, di wèt ak sa bop"
2025-08-10 10:48:59,Très bien dit🤝
2025-08-09 23:21:33,"Mbadou😂, Jaajef❤️"
2025-08-09 22:34:24,🤝🤝
2025-08-09 22:33:42,😂In Sha Allah
2025-08-09 22:33:19,"Écris moi en dm, on en discute"
2025-08-09 21:22:16,"Résiste la peine des premiers jours, tu ne vas pas regretter. Fixe des objectifs clairs d’abord pour mesurer ton évolution"
2025-08-09 21:00:09,"@Amul Xalaat: Delo ziar, tout à fait , Lolou waxinn la rek. Diinè bi mi ngi fimou nekon, mais gniko ngank nak nioma taxa wakh"
2025-08-09 20:04:44,Force 😁👊🏾
2025-08-09 14:22:40,"Merci du retour, ça fait plaisir"
2025-08-09 14:22:26,Aythia bok amul xalaat
2025-08-09 14:21:53,"Matouma taalibé, talibé talibèm yi laa"
2025-08-09 13:53:56,Lou leer
2025-08-08 23:16:14,❤️
2025-08-08 21:57:16,Amiin frère ❤️
2025-08-08 21:56:57,Jajef
2025-08-08 21:56:50,Jaajef
2025-08-08 21:36:20,❤️
2025-08-08 18:47:36,❤️
2025-08-08 18:00:32,🤝❤️
2025-08-08 18:00:22,"Detwaay, bagn len lolou"
2025-08-08 17:59:49,"Non banial lolou, change de plan juste"
2025-08-08 16:18:35,❤️
2025-08-08 16:18:31,❤️
2025-08-08 16:18:27,❤️
2025-08-08 16:18:21,❤️
2025-08-08 16:18:14,Tout à fait 🤝
2025-08-08 12:32:38,"Bcp me propose cette option, je vais l’explorer In Sha Allah"
2025-08-08 10:46:01,Jaajef
2025-08-07 23:17:28,Jaajef champion
2025-08-07 23:16:54,C’est notre malédiction😭
2025-08-07 23:16:27,Fii la eupei 🤝❤️
2025-08-07 22:16:00,Amiin ❤️
2025-08-07 21:29:49,Merci pour la force 🤝
2025-08-07 20:57:49,Jaajef🤝
2025-08-07 20:57:25,Jaajef frère
2025-08-07 20:55:32,Merci du retour. Diam ci yaw
2025-08-07 20:54:47,Amiin🙏🏾
2025-08-07 20:54:39,"Eskeuy, diam ci yaw"
2025-08-07 20:30:07,"Bien vu🤝, c’est une nécessité"
2025-08-07 20:29:17,🤝❤️
2025-08-07 20:28:31,Li Islam di diangalei fofou mo am solo nak
2025-08-07 18:48:39,❤️📌
2025-08-07 18:07:36,"Guiss nga d, on commence à perdre l’essence même de l’apprentissage de l’islam"
2025-08-07 16:18:14,Jaajef Go🤝
2025-08-07 16:17:17,Carrément
2025-08-07 15:06:23,"Detwaay😭, faisons l’effort rek"
2025-08-07 15:05:49,Jaajef champion
2025-08-07 15:05:39,"Ndeysaan, wakh nga deug d lep mbeugèl la, Lolou mom c’est le monde idéal."
2025-08-07 13:18:53,"Jaajef Jaambar, dama beug niou taxaw rek xolaat sunu bop"
2025-08-07 13:14:42,Jajef🤝
2025-08-07 13:14:28,🤝🤝
2025-08-07 12:47:47,"T’as bien compris. Merci🤝. Kou Yalla xamal, xam nga, Lolou romb na xalaat😁"
2025-08-07 12:41:19,"Waaw Lolou ça revient à savoir que nous sommes une individuation de la divinité. Moy dém ba yekci ci litax nga don khalifa Yalla ci kaw souf. Amna yonn you bari nak pour nit xam Lolou, commencer ko diiné (Alkhuraan ak souna) même si meun na yag, les tarikhas avec leurs werd (Mourid, Tidianisme etc) a pour objectif de te faire connaître Dieu, tu peux aussi chercher un guide spirituel bou mat mou tarbiyaal la (te guider vers Dieu) ou juste di wèteul sa bopp (méditer)"
2025-08-07 12:16:32,Merci❤️
2025-08-07 12:16:18,Jaajef 🤝
2025-08-07 12:15:46,"Là je relate juste des faits, c’est la domination du système occidental qui se manifeste toujours chez nous qu’on l’accepte ou pas et c’est une autre forme de colonisation. Ki xam bopam nak moy khamni ken defoul ken dara. Il nous faut des systèmes qui protègent l’humain, moy takh niou nitté. Xamni nous avons une responsabilité sur nous mêmes, sur notre entourage, sur les animaux et toutes créatures, et cela passe par l’éducation, ce qui explique l’échec de nos systèmes religieux…."
2025-08-07 12:07:01,"Je suis d’accord, waaye li eup ci julit yi sen diamou gi ragal mbougeulou Yalla moko lal, donc ragal diougou ci"
2025-08-07 12:05:15,Jikko jamono la
2025-08-07 12:04:46,🤝❤️
2025-08-07 12:04:37,"Bien résumé, jangalei Yonent bi (psl) dafniou reuthie"
2025-08-07 10:20:50,Bien vu. Ça demande du travail sur soi
2025-08-07 10:19:34,Content que ça te parle. Merci du retour ❤️
2025-08-07 10:19:05,Mounoul niak 🤝
2025-08-07 09:17:18,🙏🏾❤️
2025-08-07 09:16:54,Jaajef frère
2025-08-07 09:16:39,Jaajef
2025-08-07 09:16:32,Oui malheureusement
2025-08-07 09:16:21,Lou leer🤝
2025-08-07 09:15:56,"Meun na d’accord ak yaw parce que dimension yiniouy wakhei bokoul. Ce que tu vois avec tes yeux, c’est une infime partie de la réalité… une illusion"
2025-08-07 01:08:22,Jaajef❤️
2025-08-07 01:08:00,"Lol tkt, Waw Yalla Lolou la wakh, mais dou xalaat moy takh nga xam ko. La preuve mouno xalaat lo xamoul… xalaat bi meun nala tek ci yonn nak"
2025-08-07 00:42:37,"Jaajef🤝. Amul Xalaat dou littéralement niak xalaat. Il faut nécessairement nit xalat car ci mécanisme de survie la bok. Amul xalaat bii limouy tekki moy tewlu, xel bi wagni xëlou bi, ngir xol bi xèli xam xam gi sunu ruh di xéli. Il ya une intelligence supérieure au delà de la pensée. Xam xam deug diouguéwoul ci xalaat, leerou Yalla la…"
2025-08-07 00:02:27,Tu connais📌
2025-08-07 00:02:11,"Y’a bcp de méthodes, l’objectif est de mettre son attention hors de son environnement et du temps."
2025-08-06 23:26:27,🤝😊
2025-08-06 22:47:13,"Merci, douma psy d😁"
2025-08-06 22:23:44,"Jaajef bro, lep dina mat 👊🏾"
2025-08-06 22:23:01,Jaajef mon ami
2025-08-06 22:09:41,Jaajef🤝
2025-08-06 22:09:29,Merci🤝❤️
2025-08-06 22:09:09,T’as parfaitement raison
2025-08-06 22:03:08,Alhamdoulilah ❤️
2025-08-06 21:53:32,"T’es pas fou, tu dois continuer à explorer ton for intérieur, pour retrouver goût à la vie. Ne te laisse pas emporter par l’illusion de cette dimension d’existence"
2025-08-06 15:57:34,"Merci, content que ça aide"
2025-08-06 15:02:49,Jaajef🤝
2025-08-06 11:29:14,"Ecole bi nga diaar rek yonou toubab la. Où est ce que j’ai dit que le blanc doit veiller sur nous? Là je parle des causes qui nous ont enfoncé dans ce gouffre. La cause est purement systémique. Legui nak ki xam bopam mo xamni ken defoul ken dara, nous sommes responsables de notre sort comme tu dis."
2025-08-06 00:11:41,"Exactement, le travail est interne, faw niou delouwaat ci sunu bop, tout ce qui nous entoure est fait pour nous manipuler et nous conditionner"
2025-08-05 20:13:27,Jaajef mon Cher 😁
2025-08-05 20:12:47,"Carrément, nous devons nous réveiller"
2025-08-05 15:20:52,Ndeysaan. Mbaa dioyu mbectei la rek?
2025-08-05 14:49:17,Doyna waar faaw niou yéwou
2025-08-05 14:49:02,Nitté bi mo dess rek
2025-08-05 14:48:00,Tres bien résumé. Tu as compris l’essence du message 🤝. Merci pour cette belle contribution
2025-08-05 14:45:27,"Jaajef, non au contraire je la défends. Regarde la vidéo précédente. Alarme conscience 01"
2025-08-05 00:57:17,"Amiin, c’est très gentil, niou bok tawfeex yi"
2025-08-04 14:48:18,"Wakhine la rek, l’Islam est parfait mais gnikoy jangalei nio échouer sen mission"
2025-08-04 14:46:38,"Yaako laal, yénei bi ci amon dagn na, alal mo takh nieup reer"
2025-08-04 14:45:32,Force💪🏿
2025-08-04 10:20:47,Mo fi bari d
2025-08-03 22:58:16,"Boul wakh dara, beugeul rek😁"
2025-08-03 22:39:22,Jaajef frère 🔥
2025-08-03 21:56:26,Merci bcp🤝
2025-08-03 21:48:37,Exactement
2025-08-03 21:48:30,Ma ngi sa guinaaw 🤝
2025-08-03 16:13:01,"Malheureusement, julit yoyu yeugougn ni sen bop lañuy yakal di dolen system boulèni exploiter"
2025-08-03 10:29:15,Y’a pas de quoi 🤝
2025-08-03 08:54:57,Yaako laal
2025-08-03 01:22:53,🤝
2025-08-02 23:04:10,"Guiss nga d, nagn gueneu farlou ci sunu bop rek"
2025-08-02 21:41:56,"C’est ça le piège, un semblant de bonheur"
2025-08-02 21:41:11,Jajef Cheikh bi
2025-08-02 19:37:01,Content que ça te parle
2025-08-02 13:28:14,Merci mon cher. Waw la chaîne YouTube est une bonne idée pour développer en profondeur. Je le mettrais en place In Sha Allah
2025-08-02 07:53:51,Niak nité rek! Massa 😭
2025-08-02 07:53:09,👊🏾
2025-08-02 07:52:48,🤝❤️
2025-08-01 21:50:29,"C’est dur ça, utilise des charges moins lourdes, fais des exos de mobilités. Un complément alimentaire comme le colagène aide aussi"
2025-08-01 21:48:35,"Amiin❤️, content que ça te parle"
2025-08-01 18:59:39,"Absolument! La finalité, c’est la connaissance de la divinité que nous sommes."
2025-08-01 18:57:07,Ah faw niou farlou rek ci sunu bop
2025-08-01 18:56:41,Amiin❤️
2025-07-30 20:31:06,"Le secret de la sèche est dans l’alimentation (déficit calorifique) séance muscu high rep, low volume"
2025-07-30 11:23:30,"Y’a les limites de la génétique, n’empêche tu peux toujours avoir un très bon physique. Ça prend du temps quand même"
2025-07-28 18:21:56,Jajef! Oui y’a des maîtres nageurs là-bas
2025-07-28 15:04:22,"Absolument, malheureusement kilifeu amatoul…"
2025-07-28 15:03:43,Une théorie très valable. Nous devons apprendre à désapprendre
2025-07-28 14:16:07,Tu as parfaitement raison
2025-07-28 14:15:11,Ignorance mo fi dominer malheureusement
2025-07-28 10:07:21,"Gni wara jouer rôle kilifeu nio démissionner, lolou waral lii yeup"
2025-07-27 18:54:00,Oui c’est dommage!
2025-07-27 18:53:34,Merci❤️
2025-07-27 18:53:18,"Haha, sans soucis"
2025-07-27 16:59:27,Bien vu 🤝
2025-07-27 13:26:52,"Je ne pas ce qu’elle an exposé ou pas, je parle juste par rapport aux vices sociétaux qui se manifestent"
2025-07-27 13:23:45,Selon ta perspective oui. Fais mieux 🤝
2025-07-27 13:22:54,"C’est pas faux, kilifeu mo wara Jubanti"
2025-07-27 13:22:25,😂😂😂🤝
2025-07-27 10:01:04,🤝❤️
2025-07-26 18:25:28,En effet!
2025-07-26 15:06:10,❤️🤝
2025-07-26 15:05:56,Ah oui! Merci du retour
2025-07-25 20:33:26,"C’est pas faux, quand le perfectionnisme n’inhibe pas l’action c’est pas mauvais en soi"
2025-07-24 16:00:14,"Merci de ton retour et de ta bienveillance. Ça fait plaisir. Je te rassure aussi, je vais très bien. Force à nous tous. On finira tous par savoir…"
2025-07-23 13:11:06,"Tu peux avoir une meilleure forme man, je suis toujours un débutant han"
2025-07-22 13:56:57,"Merci, content que ça t’ai éclairée"
2025-07-21 22:13:47,Wesh t’es grand man. Mais si tu persistes t’auras un physique incroyable
2025-07-20 13:11:17,Bien dit mon cher. Notre vie doit être centrée sur la recherche de sens
2025-07-20 11:20:27,🤝❤️
2025-07-19 14:35:53,Je ne manquerai pas de
2025-07-18 20:13:56,Yeah pour les ectos c’est un plus difficile mais très possible. Mange bien + soulève lourd + repos
2025-07-17 22:51:20,Waw weudélou some rek
2025-07-16 12:04:31,❤️🔥
2025-07-16 11:31:17,"Amin my dear, blessings on you"
2025-07-16 00:27:08,Yep
2025-07-15 22:12:44,🤝❤️
2025-07-15 22:12:11,Ça fait plaisir mon gars 🤝 Amul Xalaat!
2025-07-14 02:01:00,Message ma
2025-07-13 19:27:10,J’imagine t’es grand
2025-07-12 13:21:49,Tu maximise avec le minimum que tu as. Fais juste les efforts nécessaires avec intention
2025-07-12 11:19:33,Tu connais🤝❤️
2025-07-11 09:46:39,Amiin! Jajef mon gars🤝 toi aussi
2025-07-09 19:39:33,"Trouve un coach perso. Assure toi qu’il est assez qualifié. Il va juste t’initier, après tu sauras être autonome. C’est là où tout se joue"
2025-07-09 18:45:50,"Si t’en a la possibilité c’est plus bénéfique. Si tu ne l’as pas, essaie de trouver un ami qui s’y connais déjà. Il va te superviser pour tes débuts sur les mouvements. En même temps tu fais tes recherches à côté en fonction de tes objectifs . L’information est accessible maintenant. Ce qui reste sera la motivation et la discipline"
2025-07-09 17:51:15,"Niar yeup baxna pour n’importe quelle forme. La créatine te donne juste plus d’énergie et favorise la rétention d’eau. Et les protéines comme complément alimentaire, les ectos prennent un gainer pour plus de volume (y’a du gras) au début et après la whey. Mais ça ne remplace pas les repas ça complète juste"
2025-07-09 13:24:49,👌🤝
2025-07-09 08:13:53,🤝❤️
2025-07-09 08:13:48,🥰
2025-07-08 01:07:47,Ça en vaut la peine man. Fais ton max avec ce que tu as. C’est avec la difficulté que vient l’aisance
2025-07-07 22:50:12,❤️🤝
2025-07-05 11:47:59,"Wa aythia, nagn ci Waxtaan"
2025-07-05 11:38:53,Thanks for the compliment 🥰
2025-07-04 12:38:27,❤️
2025-07-04 07:41:04,Oui ikra résume tout. Très bien dit. Le coran détient les réponses. Les niveaux d’interprétation et compréhension diffèrent juste
2025-07-04 06:37:22,"Massa mon gars , le sport aide dans ce cas"
2025-07-03 20:50:22,Bien dit🤝
2025-07-03 08:23:59,Merci du retour
2025-07-03 05:07:45,Avec le temps dina nangou tkt. Keep pushing 😏
2025-07-02 22:30:14,❤️
2025-07-02 22:30:09,"Oui spirituellement parlant, nous sommes la même entité."
2025-07-02 21:50:57,Jajef champion
2025-07-02 21:43:14,"Oui malheureusement la masse est inconsciente, mais voilà je j’essaie de partager mes pensées pour réveiller cette conscience collective."
2025-07-02 21:40:28,Tu peux reformuler la phrase stp pour plus de clarté?
2025-07-02 21:38:09,"Merci, ce que j’explique là n’est pas le produit d’une lecture. C’est une compréhension qui m’est venue naturellement. Yalla momako xamal en résumé"
2025-07-02 21:32:47,Jajef🤝
2025-07-02 20:34:07,"Non, pourquoi Mars?"
2025-07-02 19:57:05,❤️
2025-07-02 19:11:11,Ah Yalla dina gérer lolou. Ken dou xam loudoul bila Yalla xamalei
2025-07-02 19:10:28,Jajef🤝
2025-07-02 19:10:19,📌c’est la pure vérité. Xam rek moy taxa nopalou
2025-07-02 09:42:32,Jajef❤️
2025-07-02 07:40:53,Jajef l’ami 🤝
2025-07-01 20:36:10,📌
2025-07-01 20:36:04,Amul xalaat🤝
2025-06-29 15:38:58,Les courbatures sont normales pour les premières séances mais après s’il y’a d’autres douleurs faudra revoir ta technique
2025-06-29 10:28:30,De ouff😁
2025-06-28 13:44:59,Ah oui grave 🤝
2025-06-28 13:44:49,"Excellent, seule la constance paye"
2025-06-27 08:12:45,❤️
2025-06-27 08:12:04,"Salut bro, tu peux check sur Maps 3BSport parcelles assainies. Tu verras leur contact"
2025-06-26 07:08:05,❤️
2025-06-24 21:46:48,❤️
2025-06-24 10:52:13,Tkt on comprend 😁
2025-06-23 09:41:00,Haha c’est vrai😁
2025-06-21 19:25:13,🔥🤝
2025-06-20 17:51:33,Kon mo ngi baax
2025-06-20 15:08:48,"C’est fatigant, diminue les charges ou remplace ça du goblet squat"
2025-06-20 11:04:50,Amoul bayi 🔥🤝
2025-06-19 23:37:47,Non goumin la soxla 😁
2025-06-19 22:27:19,Jajef🤝
2025-06-19 19:34:42,Feuleer🔥
2025-06-19 17:51:31,Force mon gars🤝
2025-06-19 17:39:37,Let’s go Amul Xalaat🤝
2025-06-19 16:00:08,Ah ça dépend de ton programme rek😁
2025-06-19 14:58:28,"Jaajef, je trouve y’a toujours du boulot nak😁"
2025-06-19 14:21:13,C’est tout le contraire. J’ai juste des insertions haute
2025-06-19 08:50:17,Force mon gars
2025-06-19 08:49:54,Je t’assure
2025-06-19 08:49:38,🤝🔥
2025-06-18 20:56:57,Les ischio jambiers (arrière cuisse) les quadriceps sont légèrement engagés aussi
2025-06-18 20:55:01,"Let’s goo mon gars, ou même mieux🤝"
2025-06-18 18:07:42,❤️
2025-06-18 14:11:29,🔥🤝
2025-06-18 13:54:34,Ça va faire 3 ans en Décembre
2025-06-18 13:54:10,On a la même taille frère. Faut pas hésiter. Surtout avec l’âge le muscle aide avec la posture
2025-06-18 08:51:07,Mercii mon cher
2025-06-18 08:50:55,"Ah oui chaud, je pense les goblets squat seront mieux pour toi"
2025-06-17 21:00:40,Exactement c’est un leurre. Pour les squats c’est chaud mais ça vient avec le temps
2025-06-17 12:32:51,❤️
2025-06-16 23:34:25,Ton cas est plus sérieux man. Courage 😁
2025-06-15 22:15:14,🔥
2025-06-15 22:15:05,❤️🤝
2025-06-15 10:19:56,Ça rassure 😁
2025-06-14 23:27:57,Merci bro du retour. Ça fait plaisir
2025-06-14 19:37:38,Je te jure
2025-06-14 15:00:53,Jajef🔥
2025-06-14 12:15:18,194cm
2025-06-14 12:15:08,Carrément
2025-06-14 09:04:59,Je te rassure man😂
2025-06-14 09:04:21,C’est exactement ça
2025-06-14 01:07:43,Jajef champion c’est motivant
2025-06-14 01:06:59,Je te rassure mon gars
2025-06-14 00:10:17,Absolument
2025-06-14 00:08:53,Ça c’est la base frère
2025-06-13 23:57:06,Waw un problème majeur sakh. Ta Lolou ci niak khàm sa bop la bok
2025-06-13 23:55:48,"Mbaadou😂, c’est trop chiant man. Legui Man sama yonn, je m’en fou bi lay mayei"
2025-06-13 19:45:05,"Béguei nala, ma ngi Sant et toi?"
2025-06-13 19:44:01,🥰🥰🥰
2025-06-13 19:09:20,Jajef ouze ❤️
2025-06-13 17:10:01,"Je te jure, les ectomorphes avec les habits on ne voit rien d’impressionnant"
2025-06-13 15:43:54,"Ah ouii, c’est pas faux, j’y étais"
2025-06-13 15:42:32,"T’es très grand, frère. C’est un avantage certes mais ça prend du temps pour voir le vrai potentiel"
2025-06-13 15:28:48,💪🏿🤝
2025-06-13 15:28:26,Oui c’est pas encourageant 😭 mais ça nous pousse à travailler plus dur
2025-06-13 15:15:14,Je te rassures 😁
2025-06-13 14:22:11,Je te jure alors que tu te tues les jambes à chaque séance. Laisse le parler😁
2025-06-13 14:21:30,Yaa wakh deug. L’essentiel c’est être bien dans sa peau
2025-06-13 14:20:49,Ça me rassure😁
2025-06-13 14:20:36,Lol tkt
2025-06-13 12:33:15,Haha obligé ou les cacher c’est plus simple
2025-06-13 12:21:29,Waw molay nopal d
2025-06-13 11:00:21,"Eh je te jure, ça demande bcp de patience et de détermination 😁"
2025-06-12 23:22:13,Amul xalaat🤝
2025-06-12 23:21:55,Dafa leer
2025-06-12 20:51:50,Amul xalaat🔥
2025-06-11 10:05:49,Lolou mo am solo d
2025-06-11 10:05:32,Amiin bro ❤️
2025-06-10 13:45:32,🤝
2025-06-09 23:35:07,Oui souvent nous nous concentrons sur ce que nous n’avons pas. Et c’est peine perdue
2025-06-08 16:53:27,❤️
2025-06-08 14:52:39,Haha Jajef champion
2025-06-08 11:46:21,❤️
2025-06-08 11:46:15,Def ni yaw rek mon ami😂🙌🏾
2025-06-08 07:08:38,❤️
2025-06-08 07:08:27,❤️😏
2025-06-08 07:08:23,❤️
2025-06-04 23:53:39,🤝🔥
2025-06-04 21:55:23,🔥🙌🏾
2025-06-03 23:14:19,T’es un bon mon gars! Keep shinning❤️🔥
2025-06-02 10:45:55,Let’s goooo🔥
2025-05-30 02:25:49,Amul xalaat 🔥❤️
2025-05-04 01:20:55,Feuleerrr🚀
2025-05-03 11:05:04,🔥🤝
2025-05-03 06:25:23,Jajef champion
2025-05-02 06:17:33,🔥🤝
2025-04-30 21:54:02,🔥🤝
2025-04-30 19:21:26,🤝🔥
2025-04-30 06:16:48,🥰❤️
2025-04-29 20:11:22,Thanks g🔥
2025-04-27 01:23:22,Feuleeer⚡️
2025-04-24 11:24:54,🔥❤️
2025-04-24 10:46:41,"Non meun nga commencer par des exos poids du corps (appui avant, tractions, dips) ak élastiques pour yok resistance bi"
2025-04-23 20:45:34,"Merci champion, le travail continue"
2025-04-23 19:13:45,"Xalaatal ba xam sa objectif rek tak diouk, loci Amul ci yaw la🤝"
2025-04-23 15:41:08,J’aime bien cette réaction. Amul xalaat 🤝
2025-04-23 10:36:30,On est ensemble champion
2025-04-22 22:45:34,Absolument! Une bénédiction divine dont il faut profiter pleinement
2025-04-22 11:36:03,Exploring the potential 🤝📌
2025-04-20 15:11:01,T’as remarqué 🤝
2025-04-19 23:34:16,🙌🏾🤝
2025-04-19 11:18:10,Jef yu andak yénei rek🤝
2025-04-19 09:43:30,🚀🤝
2025-04-18 19:41:48,Jajef champion
2025-04-18 18:39:57,Surtout! Fala lep commencer
2025-04-18 09:46:43,Ken dou yaw mon ami 🙌🏾
2025-04-17 14:01:16,😁❤️
2025-04-17 14:00:58,Haha xalaatal rek ba xam li nga beug. Après jëf rek mo ciy dess😂🤝
2025-04-17 12:18:15,Merci chef
2025-04-16 17:40:06,On est ensemble champion
2025-04-13 06:28:29,"Yeah sure. But for now writing a book isn’t on my top priority list, even though I would love to know what you want to write about and eventually see your writings."
2025-04-13 06:07:25,Happy to read you my dear. Thank u for the feedback. It’s all about expressing ourselves with good intention🤝
2025-04-13 06:05:36,C’est toujours comme ça. Mais ça te donne sous un autre angle une bonne dose de motivation et des raisons de changer pour soi.
2025-04-12 22:29:22,🫡🤝
2025-04-12 17:44:39,@Amul Xalaat: @Amul Xalaat: Exactement. La vie est u phénomène continue qui se réalise à travers nous et par nous
2025-04-10 20:03:59,Let’s goo champion 🤝
2025-04-10 13:48:46,Merci champion 🫡🤝 ken dou yaw
2025-04-09 22:31:44,🫡🤝
2025-04-09 17:05:46,Jajef Cheikh bi🤝
2025-04-09 17:04:49,Merci chef! Ça marche
2025-04-07 13:34:18,Je ne suis pas entrain de lire mais merci quand même.
2025-04-06 22:24:58,Tu peux m’écrire je te donne des orientations si tu veux
2025-04-06 22:13:18,Content que ça te parle🫶🏿
2025-04-06 22:12:15,Merci frère 🙌🏾
2025-03-27 03:11:33,🤝
2025-03-12 22:34:44,Merci ça fait plaisir ❤️
2025-03-01 20:42:31,On est ensemble bg
2025-02-17 11:49:24,Jaajef bro 🫡
2025-02-05 16:00:22,"The fact that this guy communicates easily with a five years old boy, and make him chill as a stranger is damn cool"
2025-02-05 15:53:06,"At least this make sense, we don’t need to be lead by frustration while creating content"
2025-02-05 00:49:40,Jajef Jaambar dinaa ci farlou🤝
2025-02-04 13:03:06,That line with the djembe is fire. If you from Senegal you know
2025-02-03 13:27:35,"Wow, it’s hard to listen these days. We distract ourselves to death"
2025-01-23 18:00:38,"When learning to swim, the first lesson is to relax your body so you can float. This serves as a metaphor for life: we thrive by freeing our minds and moving forward with faith and good intentions."
