Date,SearchTerm
2025-02-17 16:11:11,creating search insights
2025-02-20 13:46:16,Amul xalaat
2025-02-20 13:46:16,Amul xalaat
2025-02-24 14:25:03,Gary Stevenson
2025-02-26 06:17:16,capitaine dieye senegal
2025-02-26 06:17:19,capitaine dieye senegal
2025-02-26 18:46:56,Nature
2025-02-26 18:46:56,Nature
2025-02-26 19:16:24,Nature calm
2025-02-28 15:58:26,capcut templates
2025-02-28 16:02:46,Capcut montage vidéo
2025-02-28 16:08:24,capcut montage video
2025-03-01 19:32:04,content creator insights
2025-03-01 23:10:06,capitaine dieye senegal
2025-03-14 00:42:36,insulin resistance
2025-03-14 00:42:36,insulin resistance
2025-03-26 13:49:40,zamalgueye
2025-04-11 17:25:42,amulxalaat
2025-04-13 00:39:15,Dan koe
2025-04-13 21:49:16,writing
2025-04-14 13:34:39,Eren Yeager
2025-04-14 18:59:57,Kimorbb
2025-04-28 18:14:42,maraboromtaif
2025-04-28 19:52:58,content creator insights
2025-04-28 19:52:58,maraboromtaif
2025-05-05 20:42:11,arborist
2025-05-05 22:33:13,arborist
2025-06-05 10:01:21,Moïse
2025-06-15 21:59:54,maraboromtaif
2025-06-18 11:25:40,amul xalaat
2025-06-18 19:45:33,kalsoum_m
2025-06-21 19:20:54,compte Zahra
2025-07-01 21:44:35,gueuledange
2025-07-02 10:51:17,Amadou Fall
2025-07-06 02:34:45,afnan Khalifa body
2025-07-08 01:26:34,silly bandz
2025-07-08 07:44:39,tess tickle
2025-07-08 07:50:39,Bella hue
2025-07-15 00:15:42,David Shapiro
2025-07-16 16:11:21,Sadibou Sy
2025-07-17 11:23:42,toni ribas
2025-07-17 15:42:56,amul xalaat
2025-07-24 11:25:36,Nate Diaz
2025-07-27 22:33:44,Layla Ray
2025-07-27 23:02:14,Layla Ray
2025-08-05 15:39:44,THE Serginho Samuels
2025-08-06 22:09:14,Maia wall
2025-09-02 15:56:20,Ousmane Diop
2025-09-07 16:36:20,Chase Hughes
2025-09-08 15:20:28,Michael wu
2025-09-11 23:36:47,shizzy
2025-09-13 18:47:36,Yuri Gagarin
2025-09-16 00:18:24,Fofana
2025-09-28 11:44:27,Gore information
2025-10-07 22:36:45,Oumy Diop
2025-10-16 22:49:11,Niagasse
2025-10-16 23:38:46,Breathedivinity
2025-10-28 20:57:51,fokzo sané
2025-11-01 15:52:56,Onizuka
2025-11-05 16:06:33,capitaine_dieye_officiel
2025-11-07 22:05:57,amul xalaat
2025-11-09 06:50:12,Natalie nunn
2025-11-09 06:51:12,andreea bostanica and her mom bro
2025-12-12 22:05:14,icebathchallange
2025-12-17 00:13:06,Alex Demuner
2025-12-28 13:36:00,itsjustjordan_
2026-01-09 08:44:02,ATOM
2026-01-10 21:14:32,adji.mass
2026-01-11 17:18:06,mamadou sarr
2026-01-12 14:43:15,IBOU dia
2026-01-14 02:27:12,dibaba family
2026-01-15 16:43:04,Sweet anahata
2026-01-16 16:24:53,Fatima Cissé
2026-01-16 20:34:10,Ibou dia
2026-03-03 16:16:09,le vieux rebel
2026-03-10 00:10:01,samir sab
2026-03-10 00:10:01,Samir sabe
2026-03-10 00:12:01,Oumardhino
2026-03-12 23:07:00,Ritchie
2026-03-16 12:43:18,rex46466
2026-03-25 15:38:38,joshlilj what happened to gigi p2
2026-03-27 21:33:43,herve ndione
2026-04-05 11:27:01,Grace echo
2026-04-05 11:28:01,blessings by soul of africa
2026-04-05 14:54:23,blessings by soul of africa
2026-04-08 13:17:09,lamine fils de doudou ndiaye coumba rose
2026-04-09 20:06:34,michael olise
2026-04-26 12:28:50,diop 2
2026-05-01 18:52:38,la suite partie 2 et 3
2026-05-03 01:18:32,Gorée
2026-05-07 11:27:47,OLDY-OFFICIEL🤜🤛 🙏👌
